time,x,y,heading,speed
0,-471.867663225971,645.298526009558,-0.417673294396927,14.4444444444444
0.05,-471.207526687973,645.005567498037,-0.417673294396951,14.4444444444444
0.1,-470.547390149976,644.712608986516,-0.41767329439702,14.4444444444444
0.15,-469.887253611979,644.419650474995,-0.417673294396869,14.4444444444444
0.2,-469.227117073981,644.126691963474,-0.417673294396987,14.4444444444444
0.25,-468.566980535984,643.833733451954,-0.417673294397008,14.4444444444444
0.3,-467.906843997987,643.540774940433,-0.417673294396881,14.4444444444444
0.35,-467.246707459989,643.247816428912,-0.417673294397031,14.4444444444444
0.4,-466.586570921992,642.954857917391,-0.417673294396962,14.4444444444444
0.45,-465.926434383995,642.66189940587,-0.417673294396892,14.4444444444444
0.5,-465.266297845997,642.368940894349,-0.417673294397043,14.4444444444444
0.55,-464.606161308,642.075982382829,-0.417673294396931,14.4444444444444
0.6,-463.946024770003,641.783023871308,-0.41767329439695,14.4444444444444
0.65,-463.285888232005,641.490065359787,-0.417673294397052,14.4444444444444
0.7,-462.625751694008,641.197106848266,-0.417673294396885,14.4444444444444
0.75,-461.965615156011,640.904148336745,-0.417673294396962,14.4444444444444
0.8,-461.305478618013,640.611189825224,-0.417673294397003,14.4444444444444
0.85,-460.645342080016,640.318231313703,-0.417673294396869,14.4444444444444
0.9,-459.985205542019,640.025272802183,-0.417673294397019,14.4444444444444
0.95,-459.325069004021,639.732314290662,-0.417673294396975,14.4444444444444
1,-458.664932466024,639.439355779141,-0.417673294396881,14.4444444444444
1.05,-458.004795928027,639.14639726762,-0.417673294397031,14.4444444444444
1.1,-457.344659390029,638.853438756099,-0.417673294396941,14.4444444444444
1.15,-456.684522852032,638.560480244578,-0.417673294396931,14.4444444444444
1.2,-456.024386314035,638.267521733057,-0.41767329439705,14.4444444444444
1.25,-455.364249776037,637.974563221537,-0.417673294396991,14.4444444444444
1.3,-454.70411323804,637.681604710016,-0.417673294396962,14.4444444444444
1.35,-454.043976700043,637.388646198495,-0.417673294396955,14.4444444444444
1.4,-453.383840162045,637.095687686974,-0.417673294396972,14.4444444444444
1.45,-452.723703624048,636.802729175453,-0.417673294396889,14.4444444444444
1.5,-452.063567086051,636.509770663932,-0.417673294396896,14.4444444444444
1.55,-451.403430548053,636.216812152412,-0.417673294396973,14.4444444444444
1.6,-450.743294010056,635.923853640891,-0.417673294396973,14.4444444444444
1.65,-450.083157472059,635.63089512937,-0.417673294396973,14.4444444444444
1.7,-449.423020934062,635.337936617849,-0.417673294396996,14.4444444444444
1.75,-448.762884396064,635.044978106328,-0.417673294397054,14.4444444444444
1.8,-448.102747858067,634.752019594807,-0.417673294396996,14.4444444444444
1.85,-447.442588301397,634.459050867753,-0.417687685056329,14.4444444444444
1.9,-446.782421124561,634.166072854178,-0.417708208381037,14.4444444444444
1.95,-446.122276501898,633.873085169798,-0.417719193383261,14.4444444444444
2,-445.462150517484,633.580095588292,-0.41772088338373,14.4444444444444
2.05,-444.802027921833,633.287105661874,-0.417720883383742,14.4444444444444
2.1,-444.141905326182,632.994115735456,-0.41772088338361,14.4444444444444
2.15,-443.48178273053,632.701125809038,-0.417720883383702,14.4444444444444
2.2,-442.821660134879,632.40813588262,-0.417720883383667,14.4444444444444
2.25,-442.161537539228,632.115145956202,-0.417720883383627,14.4444444444444
2.3,-441.501414943577,631.822156029784,-0.417720883383702,14.4444444444444
2.35,-440.841292347926,631.529166103366,-0.417720883383638,14.4444444444444
2.4,-440.181169752275,631.236176176948,-0.417720883383644,14.4444444444444
2.45,-439.521047156624,630.94318625053,-0.417720883383707,14.4444444444444
2.5,-438.860924560973,630.650196324112,-0.417720883383707,14.4444444444444
2.55,-438.200801965322,630.357206397694,-0.417720883383662,14.4444444444444
2.6,-437.54067936967,630.064216471276,-0.417720883383649,14.4444444444444
2.65,-436.880556774019,629.771226544858,-0.417720883383707,14.4444444444444
2.7,-436.220434178368,629.47823661844,-0.417720883383632,14.4444444444444
2.75,-435.560311582717,629.185246692022,-0.41772088338365,14.4444444444444
2.8,-434.900188987066,628.892256765604,-0.41772088338369,14.4444444444444
2.85,-434.240066391415,628.599266839186,-0.417720883383615,14.4444444444444
2.9,-433.579943795764,628.306276912768,-0.417720883383667,14.4444444444444
2.95,-432.919821200113,628.013286986349,-0.41772088338368,14.4444444444444
3,-432.259698604462,627.720297059932,-0.417720883383637,14.4444444444444
3.05,-431.59957600881,627.427307133513,-0.41772088338377,14.4444444444444
3.1,-430.939453413159,627.134317207095,-0.417720883383707,14.4444444444444
3.15,-430.279330817508,626.841327280677,-0.417720883383627,14.4444444444444
3.2,-429.619208221857,626.548337354259,-0.417720883383702,14.4444444444444
3.25,-428.959085626206,626.255347427841,-0.417720883383638,14.4444444444444
3.3,-428.298963030555,625.962357501423,-0.417720883383603,14.4444444444444
3.35,-427.638840434904,625.669367575005,-0.417720883383618,14.4444444444444
3.4,-426.978717839253,625.376377648587,-0.417720883383709,14.4444444444444
3.45,-426.318595243601,625.083387722169,-0.417720883383718,14.4444444444444
3.5,-425.65847264795,624.790397795751,-0.417720883383707,14.4444444444444
3.55,-424.998350052299,624.497407869333,-0.417720883383707,14.4444444444444
3.6,-424.338227456648,624.204417942915,-0.417720883383632,14.4444444444444
3.65,-423.678104860997,623.911428016497,-0.41772088338365,14.4444444444444
3.7,-423.017982265346,623.618438090079,-0.41772088338369,14.4444444444444
3.75,-422.357859669695,623.325448163661,-0.417720883383615,14.4444444444444
3.8,-421.697737074044,623.032458237243,-0.417720883383681,14.4444444444444
3.85,-421.037614478392,622.739468310825,-0.417720883383723,14.4444444444444
3.9,-420.377491882741,622.446478384407,-0.417720883383702,14.4444444444444
3.95,-419.71736928709,622.153488457989,-0.417720883383627,14.4444444444444
4,-419.057246691439,621.860498531571,-0.417720883383603,14.4444444444444
4.05,-418.397124095788,621.567508605153,-0.41772088338365,14.4444444444444
4.1,-417.737001500137,621.274518678735,-0.4177208833838,14.4444444444444
4.15,-417.076878904486,620.981528752317,-0.417720883383673,14.4444444444444
4.2,-416.416756308835,620.688538825899,-0.417720883383612,14.4444444444444
4.25,-415.756633713184,620.395548899481,-0.417720883383647,14.4444444444444
4.3,-415.096511117532,620.102558973063,-0.41772088338378,14.4444444444444
4.35,-414.436388521881,619.809569046644,-0.417720883383696,14.4444444444444
4.4,-413.77626592623,619.516579120227,-0.417720883383603,14.4444444444444
4.45,-413.116143330579,619.223589193808,-0.417720883383603,14.4444444444444
4.5,-412.456020734928,618.93059926739,-0.417720883383678,14.4444444444444
4.55,-411.795898139277,618.637609340973,-0.417720883383661,14.4444444444444
4.6,-411.135775543626,618.344619414554,-0.417720883383621,14.4444444444444
4.65,-410.475652947975,618.051629488136,-0.417720883383696,14.4444444444444
4.7,-409.815530352323,617.758639561718,-0.417720883383658,14.4444444444444
4.75,-409.155407756672,617.4656496353,-0.417720883383653,14.4444444444444
4.8,-408.495285161021,617.172659708882,-0.417720883383707,14.4444444444444
4.85,-407.83516256537,616.879669782464,-0.417720883383707,14.4444444444444
4.9,-407.175039969719,616.586679856046,-0.417720883383655,14.4444444444444
4.95,-406.514917374068,616.293689929628,-0.417720883383627,14.4444444444444
5,-405.854794778417,616.00070000321,-0.417720883383702,14.4444444444444
5.05,-405.194672182766,615.707710076792,-0.417720883383707,14.4444444444444
5.1,-404.534549587115,615.414720150374,-0.417720883383676,14.4444444444444
5.15,-403.874426991464,615.121730223956,-0.417720883383635,14.4444444444444
5.2,-403.214304395812,614.828740297538,-0.417720883383694,14.4444444444444
5.25,-402.554181800161,614.53575037112,-0.417720883383707,14.4444444444444
5.3,-401.89405920451,614.242760444702,-0.417720883383678,14.4444444444444
5.35,-401.233936608859,613.949770518284,-0.417720883383603,14.4444444444444
5.4,-400.573814013208,613.656780591866,-0.417720883383678,14.4444444444444
5.45,-399.913691417557,613.363790665448,-0.417720883383661,14.4444444444444
5.5,-399.253568821906,613.07080073903,-0.417720883383625,14.4444444444444
5.55,-398.593446226254,612.777810812612,-0.417720883383716,14.4444444444444
5.6,-397.933323630603,612.484820886194,-0.417720883383653,14.4444444444444
5.65,-397.273201034952,612.191830959776,-0.417720883383638,14.4444444444444
5.7,-396.613078439301,611.898841033358,-0.417720883383707,14.4444444444444
5.75,-395.95295584365,611.60585110694,-0.417720883383707,14.4444444444444
5.8,-395.292833247999,611.312861180522,-0.417720883383696,14.4444444444444
5.85,-394.632710652348,611.019871254104,-0.417720883383648,14.4444444444444
5.9,-393.972588056697,610.726881327686,-0.417720883383532,14.4444444444444
5.95,-393.312465461045,610.433891401267,-0.41772088338373,14.4444444444444
6,-392.652342865394,610.140901474849,-0.417720883383736,14.4444444444444
6.05,-391.992220269743,609.847911548431,-0.417720883383585,14.4444444444444
6.1,-391.332097674092,609.554921622013,-0.417720883383619,14.4444444444444
6.15,-390.671975078441,609.261931695596,-0.417720883383659,14.4444444444444
6.2,-390.01185248279,608.968941769177,-0.417720883383691,14.4444444444444
6.25,-389.351729887139,608.675951842759,-0.417720883383707,14.4444444444444
6.3,-388.691607291488,608.382961916341,-0.417720883383666,14.4444444444444
6.35,-388.031484695837,608.089971989923,-0.417720883383675,14.4444444444444
6.4,-387.371362100186,607.796982063505,-0.417720883383704,14.4444444444444
6.45,-386.711239504534,607.503992137087,-0.417720883383687,14.4444444444444
6.5,-386.051116908883,607.211002210669,-0.417720883383635,14.4444444444444
6.55,-385.390994313232,606.918012284251,-0.417720883383646,14.4444444444444
6.6,-384.730871717581,606.625022357833,-0.417720883383728,14.4444444444444
6.65,-384.07074912193,606.332032431415,-0.417720883383695,14.4444444444444
6.7,-383.410626526279,606.039042504997,-0.417720883383655,14.4444444444444
6.75,-382.750503930628,605.746052578579,-0.41772088338365,14.4444444444444
6.8,-382.090381334976,605.453062652161,-0.417720883383725,14.4444444444444
6.85,-381.430258739325,605.160072725743,-0.4177208833837,14.4444444444444
6.9,-380.770136143674,604.867082799325,-0.417720883383662,14.4444444444444
6.95,-380.110013548023,604.574092872907,-0.417720883383624,14.4444444444444
7,-379.449890952372,604.281102946489,-0.417720883383607,14.4444444444444
7.05,-378.789768356721,603.988113020071,-0.417720883383719,14.4444444444444
7.1,-378.12964576107,603.695123093653,-0.417720883383753,14.4444444444444
7.15,-377.469523165419,603.402133167235,-0.417720883383603,14.4444444444444
7.2,-376.809400569768,603.109143240817,-0.417720883383603,14.4444444444444
7.25,-376.149277974117,602.816153314399,-0.41772088338365,14.4444444444444
7.3,-375.489155378465,602.523163387981,-0.417720883383707,14.4444444444444
7.35,-374.829032782814,602.230173461562,-0.417720883383707,14.4444444444444
7.4,-374.168910187163,601.937183535145,-0.417720883383658,14.4444444444444
7.45,-373.508787591512,601.644193608726,-0.417720883383653,14.4444444444444
7.5,-372.848664995861,601.351203682308,-0.417720883383707,14.4444444444444
7.55,-372.18854240021,601.05821375589,-0.417720883383707,14.4444444444444
7.6,-371.528419804559,600.765223829472,-0.417720883383655,14.4444444444444
7.65,-370.868297208908,600.472233903054,-0.417720883383603,14.4444444444444
7.7,-370.208174613257,600.179243976636,-0.417720883383603,14.4444444444444
7.75,-369.548052017605,599.886254050218,-0.417720883383757,14.4444444444444
7.8,-368.887929421954,599.5932641238,-0.417720883383736,14.4444444444444
7.85,-368.227806826303,599.300274197382,-0.417720883383585,14.4444444444444
7.9,-367.567684230652,599.007284270964,-0.417720883383619,14.4444444444444
7.95,-366.907561635001,598.714294344546,-0.417720883383671,14.4444444444444
8,-366.24743903935,598.421304418128,-0.417720883383707,14.4444444444444
8.05,-365.587316443699,598.12831449171,-0.417720883383707,14.4444444444444
8.1,-364.927193848048,597.835324565292,-0.417720883383632,14.4444444444444
8.15,-364.267071252396,597.542334638874,-0.417720883383603,14.4444444444444
8.2,-363.606948656745,597.249344712456,-0.417720883383625,14.4444444444444
8.25,-362.946826061094,596.956354786038,-0.417720883383716,14.4444444444444
8.3,-362.286703465443,596.66336485962,-0.417720883383702,14.4444444444444
8.35,-361.626580869792,596.370374933202,-0.417720883383665,14.4444444444444
8.4,-360.966458274141,596.077385006784,-0.417720883383631,14.4444444444444
8.45,-360.30633567849,595.784395080366,-0.417720883383689,14.4444444444444
8.5,-359.646213082839,595.491405153948,-0.417720883383707,14.4444444444444
8.55,-358.986090487187,595.19841522753,-0.417720883383689,14.4444444444444
8.6,-358.325967891536,594.905425301112,-0.417720883383631,14.4444444444444
8.65,-357.665845295885,594.612435374694,-0.417720883383665,14.4444444444444
8.7,-357.005722700234,594.319445448276,-0.417720883383702,14.4444444444444
8.75,-356.345600104583,594.026455521858,-0.417720883383716,14.4444444444444
8.8,-355.685477508932,593.73346559544,-0.417720883383625,14.4444444444444
8.85,-355.025354913281,593.440475669022,-0.417720883383661,14.4444444444444
8.9,-354.36523231763,593.147485742603,-0.417720883383707,14.4444444444444
8.95,-353.705109721978,592.854495816185,-0.417720883383707,14.4444444444444
9,-353.044987126327,592.561505889767,-0.417720883383632,14.4444444444444
9.05,-352.384864530676,592.268515963349,-0.41772088338366,14.4444444444444
9.1,-351.724741935025,591.975526036931,-0.417720883383705,14.4444444444444
9.15,-351.064619339374,591.682536110513,-0.417720883383597,14.4444444444444
9.2,-350.404496743723,591.389546184095,-0.417720883383672,14.4444444444444
9.25,-349.744374148072,591.096556257677,-0.417720883383688,14.4444444444444
9.3,-349.084251552421,590.803566331259,-0.417720883383609,14.4444444444444
9.35,-348.424128956769,590.510576404841,-0.417720883383684,14.4444444444444
9.4,-347.764006361118,590.217586478423,-0.417720883383719,14.4444444444444
9.45,-347.103883765467,589.924596552005,-0.417720883383697,14.4444444444444
9.5,-346.443761169816,589.631606625587,-0.417720883383589,14.4444444444444
9.55,-345.783638574165,589.338616699169,-0.41772088338368,14.4444444444444
9.6,-345.123515978514,589.045626772751,-0.417720883383721,14.4444444444444
9.65,-344.463393382863,588.752636846333,-0.417720883383696,14.4444444444444
9.7,-343.803270787212,588.459646919915,-0.417720883383621,14.4444444444444
9.75,-343.143148191561,588.166656993497,-0.417720883383603,14.4444444444444
9.8,-342.48302559591,587.873667067079,-0.417720883383632,14.4444444444444
9.85,-341.822903000258,587.580677140661,-0.417720883383707,14.4444444444444
9.9,-341.162780404607,587.287687214243,-0.417720883383724,14.4444444444444
9.95,-340.502657808956,586.994697287825,-0.417720883383664,14.4444444444444
10,-339.842535213305,586.701707361407,-0.417720883383605,14.4444444444444
10.05,-339.182412617654,586.408717434989,-0.417720883383714,14.4444444444444
10.1,-338.522290022003,586.115727508571,-0.417720883383716,14.4444444444444
10.15,-337.862167426352,585.822737582153,-0.417720883383673,14.4444444444444
10.2,-337.202044830701,585.529747655735,-0.41772088338361,14.4444444444444
10.25,-336.541922235049,585.236757729317,-0.417720883383702,14.4444444444444
10.3,-335.881799639398,584.943767802899,-0.417720883383655,14.4444444444444
10.35,-335.221677043747,584.650777876481,-0.417720883383609,14.4444444444444
10.4,-334.561554448096,584.357787950063,-0.4177208833837,14.4444444444444
10.45,-333.901431852445,584.064798023644,-0.417720883383723,14.4444444444444
10.5,-333.241309256794,583.771808097226,-0.417720883383681,14.4444444444444
10.55,-332.581186661143,583.478818170808,-0.417720883383615,14.4444444444444
10.6,-331.921064065492,583.18582824439,-0.41772088338369,14.4444444444444
10.65,-331.260941469841,582.892838317972,-0.41772088338365,14.4444444444444
10.7,-330.600818874189,582.599848391554,-0.417720883383639,14.4444444444444
10.75,-329.940696278538,582.306858465136,-0.41772088338373,14.4444444444444
10.8,-329.280573682887,582.013868538718,-0.417720883383697,14.4444444444444
10.85,-328.620451087236,581.7208786123,-0.417720883383659,14.4444444444444
10.9,-327.960328491585,581.427888685882,-0.41772088338364,14.4444444444444
10.95,-327.300205895934,581.134898759464,-0.417720883383698,14.4444444444444
11,-326.640083300283,580.841908833046,-0.417720883383707,14.4444444444444
11.05,-325.979960704632,580.548918906628,-0.41772088338368,14.4444444444444
11.1,-325.31983810898,580.25592898021,-0.417720883383624,14.4444444444444
11.15,-324.65971551333,579.962939053792,-0.417720883383591,14.4444444444444
11.2,-323.999592917678,579.669949127374,-0.417720883383644,14.4444444444444
11.25,-323.346427480676,579.381004391747,-0.417720883383707,14.2844444444444
11.3,-322.700219202322,579.096104846912,-0.417720883383707,14.1244444444444
11.35,-322.060968082617,578.815250492867,-0.417720883383657,13.9644444444444
11.4,-321.42867412156,578.538441329614,-0.417720883383651,13.8044444444444
11.45,-320.803337319153,578.265677357152,-0.417720883383707,13.6444444444444
11.5,-320.184957675393,577.996958575481,-0.417720883383707,13.4844444444444
11.55,-319.573535190283,577.732284984602,-0.417720883383673,13.3244444444444
11.6,-318.969069863821,577.471656584513,-0.417720883383604,13.1644444444444
11.65,-318.371561696008,577.215073375216,-0.41772088338367,13.0044444444444
11.7,-317.781010686844,576.96253535671,-0.417720883383685,12.8444444444444
11.75,-317.197416836328,576.714042528995,-0.417720883383633,12.6844444444444
11.8,-316.620780144461,576.469594892072,-0.41772088338367,12.5244444444444
11.85,-316.051100611242,576.22919244594,-0.417720883383707,12.3644444444444
11.9,-315.488378236673,575.992835190598,-0.417720883383707,12.2044444444444
11.95,-314.932613020752,575.760523126048,-0.417720883383707,12.0444444444444
12,-314.383804963479,575.53225625229,-0.417720883383707,11.8844444444444
12.05,-313.841954064855,575.308034569322,-0.41772088338365,11.7244444444444
12.1,-313.30706032488,575.087858077146,-0.417720883383603,11.5644444444444
12.15,-312.779123743554,574.871726775761,-0.417720883383603,11.4044444444444
12.2,-312.258144320876,574.659640665167,-0.417720883383631,11.2444444444444
12.25,-311.744122056847,574.451599745364,-0.417720883383689,11.0844444444444
12.3,-311.237056951466,574.247604016353,-0.417720883383716,10.9244444444444
12.35,-310.736949004735,574.047653478133,-0.417720883383728,10.7644444444444
12.4,-310.243798216652,573.851748130704,-0.417720883383675,10.6044444444444
12.45,-309.757604587217,573.659887974066,-0.417720883383609,10.4444444444444
12.5,-309.278368116432,573.472073008219,-0.417720883383603,10.2844444444444
12.55,-308.806088804295,573.288303233164,-0.417720883383603,10.1244444444444
12.6,-308.340766650806,573.1085786489,-0.417720883383702,9.96444444444444
12.65,-307.882401655966,572.932899255426,-0.417720883383804,9.80444444444444
12.7,-307.430993819775,572.761265052745,-0.417720883383718,9.64444444444444
12.75,-306.986543142233,572.593676040854,-0.41772088338362,9.48444444444444
12.8,-306.543565527929,572.427698149597,-0.417720883383644,9.44444444444444
12.85,-306.10023294506,572.262520022253,-0.417720883383693,9.44444444444444
12.9,-305.656545393627,572.098141658824,-0.41772088338368,9.44444444444444
12.95,-305.212502873629,571.934563059309,-0.417720883383642,9.44444444444444
13,-304.768312723501,571.771317078686,-0.417720883383649,9.44444444444444
13.05,-304.324477541937,571.607271334149,-0.417720883383687,9.44444444444444
13.1,-303.880997328938,571.442425825699,-0.417720883383684,9.44444444444444
13.15,-303.437872084504,571.276780553334,-0.417720883383635,9.44444444444444
13.2,-302.995101808635,571.110335517056,-0.417720883383621,9.44444444444444
13.25,-302.55268650133,570.943090716863,-0.41772088338367,9.44444444444444
13.3,-302.110626162589,570.775046152757,-0.417720883383707,9.44444444444444
13.35,-301.668920792414,570.606201824737,-0.417720883383707,9.44444444444444
13.4,-301.227570390803,570.436557732802,-0.417720883383707,9.44444444444444
13.45,-300.786574957757,570.266113876954,-0.417720883383707,9.44444444444444
13.5,-300.342762153186,570.09345969853,-0.419059279462915,9.44444444444444
13.55,-299.558068117102,569.735984703989,-0.568748314598575,9.44444444444444
13.6,-298.800083958906,569.325134631102,-0.718437349734235,9.44444444444444
13.65,-298.375275834812,568.989596538405,-0.745767541879476,9.44444444444444
13.7,-297.989396834366,568.665460506243,-0.758174348211571,9.44444444444444
13.75,-297.628090368195,568.349924249113,-0.760982665315403,9.44444444444444
13.8,-297.274410427283,568.036566706367,-0.760982665315385,9.44444444444444
13.85,-296.921333915582,567.722575524773,-0.76098266531539,9.44444444444444
13.9,-296.568860833091,567.407950704334,-0.760982665315409,9.44444444444444
13.95,-296.216991179811,567.092692245047,-0.760982665315398,9.44444444444444
14,-295.865724955741,566.776800146915,-0.760982665315361,9.44444444444444
14.05,-295.515062160882,566.460274409935,-0.760982665315355,9.44444444444444
14.1,-295.165002795234,566.14311503411,-0.760982665315392,9.44444444444444
14.15,-294.815546858796,565.825322019438,-0.760982665315412,9.44444444444444
14.2,-294.466694351569,565.506895365919,-0.760982665315393,9.44444444444444
14.25,-294.118445273553,565.187835073554,-0.760982665315378,9.44444444444444
14.3,-293.770799624747,564.868141142343,-0.760982665315378,9.44444444444444
14.35,-293.423757405152,564.547813572285,-0.760982665315378,9.44444444444444
14.4,-293.073648640985,564.230706068028,-0.760982665315378,9.44444444444444
14.45,-292.731684819081,563.905045859115,-0.760982665315378,9.44444444444444
14.5,-292.389720997178,563.579385650202,-0.760982665315396,9.44444444444444
14.55,-292.047757175274,563.253725441289,-0.760982665315415,9.44444444444444
14.6,-291.70579335337,562.928065232375,-0.760982665315402,9.44444444444444
14.65,-291.363829531466,562.602405023462,-0.760982665315384,9.44444444444444
14.7,-291.021865709562,562.276744814549,-0.760982665315378,9.44444444444444
14.75,-290.679901887659,561.951084605636,-0.760982665315378,9.44444444444444
14.8,-290.337938065755,561.625424396722,-0.760982665315355,9.44444444444444
14.85,-289.995974243851,561.299764187809,-0.760982665315316,9.44444444444444
14.9,-289.654010421947,560.974103978896,-0.760982665315315,9.44444444444444
14.95,-289.312046600043,560.648443769982,-0.760982665315354,9.44444444444444
15,-288.970082778139,560.322783561069,-0.760982665315378,9.44444444444444
15.05,-288.628118956236,559.997123352156,-0.760982665315378,9.44444444444444
15.1,-288.286155134332,559.671463143243,-0.760982665315378,9.44444444444444
15.15,-287.944191312428,559.345802934329,-0.760982665315378,9.44444444444444
15.2,-287.602227490524,559.020142725416,-0.760982665315383,9.44444444444444
15.25,-287.26026366862,558.694482516503,-0.760982665315422,9.44444444444444
15.3,-286.918299846716,558.368822307589,-0.76098266531546,9.44444444444444
15.35,-286.576336024813,558.043162098676,-0.760982665315401,9.44444444444444
15.4,-286.234372202909,557.717501889763,-0.760982665315342,9.44444444444444
15.45,-285.892408381005,557.39184168085,-0.760982665315353,9.44444444444444
15.5,-285.550444559101,557.066181471936,-0.760982665315374,9.44444444444444
15.55,-285.208480737198,556.740521263023,-0.760982665315378,9.44444444444444
15.6,-284.866516915294,556.41486105411,-0.760982665315378,9.44444444444444
15.65,-284.52455309339,556.089200845197,-0.760982665315391,9.44444444444444
15.7,-284.182589271486,555.763540636283,-0.760982665315409,9.44444444444444
15.75,-283.840625449582,555.43788042737,-0.760982665315408,9.44444444444444
15.8,-283.498661627678,555.112220218457,-0.760982665315389,9.44444444444444
15.85,-283.156697805775,554.786560009543,-0.760982665315378,9.44444444444444
15.9,-282.814733983871,554.46089980063,-0.760982665315378,9.44444444444444
15.95,-282.472770161967,554.135239591717,-0.760982665315378,9.44444444444444
16,-282.130806340063,553.809579382804,-0.760982665315378,9.44444444444444
16.05,-281.788842518159,553.48391917389,-0.760982665315378,9.44444444444444
16.1,-281.446878696256,553.158258964977,-0.760982665315378,9.44444444444444
16.15,-281.104914874352,552.832598756064,-0.760982665315378,9.44444444444444
16.2,-280.762951052448,552.506938547151,-0.760982665315378,9.44444444444444
16.25,-280.420987230544,552.181278338237,-0.760982665315378,9.44444444444444
16.3,-280.07902340864,551.855618129324,-0.760982665315378,9.44444444444444
16.35,-279.737059586737,551.529957920411,-0.760982665315378,9.44444444444444
16.4,-279.395095764833,551.204297711497,-0.760982665315361,9.44444444444444
16.45,-279.053131942929,550.878637502584,-0.760982665315341,9.44444444444444
16.5,-278.711168121025,550.552977293671,-0.76098266531535,9.44444444444444
16.55,-278.369204299121,550.227317084758,-0.76098266531537,9.44444444444444
16.6,-278.027240477218,549.901656875844,-0.760982665315389,9.44444444444444
16.65,-277.685276655314,549.575996666931,-0.760982665315408,9.44444444444444
16.7,-277.34331283341,549.250336458018,-0.760982665315409,9.44444444444444
16.75,-277.001349011506,548.924676249105,-0.76098266531539,9.44444444444444
16.8,-276.659385189602,548.599016040191,-0.760982665315378,9.44444444444444
16.85,-276.317421367698,548.273355831278,-0.760982665315378,9.44444444444444
16.9,-275.975457545795,547.947695622365,-0.760982665315378,9.44444444444444
16.95,-275.633493723891,547.622035413451,-0.760982665315378,9.44444444444444
17,-275.291529901987,547.296375204538,-0.760982665315378,9.44444444444444
17.05,-274.949566080083,546.970714995625,-0.760982665315378,9.44444444444444
17.1,-274.607602258179,546.645054786712,-0.760982665315379,9.44444444444444
17.15,-274.265638436276,546.319394577798,-0.760982665315418,9.44444444444444
17.2,-273.923674614372,545.993734368885,-0.760982665315456,9.44444444444444
17.25,-273.581710792468,545.668074159972,-0.760982665315391,9.44444444444444
17.3,-273.239746970564,545.342413951058,-0.760982665315314,9.44444444444444
17.35,-272.89778314866,545.016753742145,-0.76098266531534,9.44444444444444
17.4,-272.555819326756,544.691093533232,-0.760982665315398,9.44444444444444
17.45,-272.213855504853,544.365433324319,-0.760982665315405,9.44444444444444
17.5,-271.871891682949,544.039773115405,-0.760982665315387,9.44444444444444
17.55,-271.529927861045,543.714112906492,-0.760982665315378,9.44444444444444
17.6,-271.187964039141,543.388452697579,-0.760982665315378,9.44444444444444
17.65,-270.846000217237,543.062792488666,-0.760982665315378,9.44444444444444
17.7,-270.504036395334,542.737132279752,-0.760982665315378,9.44444444444444
17.75,-270.16207257343,542.411472070839,-0.760982665315367,9.44444444444444
17.8,-269.817453466669,542.082074872853,-0.760982665315327,9.53444444444444
17.85,-269.470179075052,541.748940685795,-0.760982665315308,9.62444444444444
17.9,-269.120249398577,541.412069509664,-0.760982665315367,9.71444444444444
17.95,-268.767664437245,541.07146134446,-0.760982665315421,9.80444444444444
18,-268.412424191057,540.727116190184,-0.760982665315442,9.89444444444444
18.05,-268.054528660011,540.379034046835,-0.760982665315455,9.98444444444444
18.1,-267.693977844109,540.027214914414,-0.760982665315413,10.0744444444444
18.15,-267.33077174335,539.67165879292,-0.760982665315372,10.1644444444444
18.2,-266.964910357734,539.312365682353,-0.760982665315329,10.2544444444444
18.25,-266.596393687261,538.949335582714,-0.760982665315305,10.3444444444444
18.3,-266.225221731931,538.582568494003,-0.760982665315348,10.4344444444444
18.35,-265.851394491744,538.212064416218,-0.760982665315378,10.5244444444444
18.4,-265.477044211708,537.839853936546,-0.760982665315378,10.5555555555556
18.45,-265.103297360882,537.467009818028,-0.760982665315378,10.5555555555556
18.5,-264.73594720872,537.099049127732,-0.760982665315378,10.3955555555556
18.55,-264.374993755222,536.735971865658,-0.760982665315388,10.2355555555556
18.6,-264.020437000388,536.377778031806,-0.760982665315408,10.0755555555556
18.65,-263.672276944218,536.024467626176,-0.760982665315398,9.91555555555555
18.7,-263.330513586713,535.676040648769,-0.76098266531536,9.75555555555555
18.75,-262.995146927871,535.332497099584,-0.760982665315356,9.59555555555555
18.8,-262.666176967694,534.993836978621,-0.760982665315393,9.43555555555555
18.85,-262.34360370618,534.66006028588,-0.760982665315412,9.27555555555555
18.9,-262.027427143331,534.331167021361,-0.760982665315394,9.11555555555555
18.95,-261.717647279146,534.007157185065,-0.760982665315381,8.95555555555555
19,-261.414264113624,533.68803077699,-0.760982665315398,8.79555555555555
19.05,-261.117277646767,533.373787797138,-0.760982665315415,8.63555555555555
19.1,-260.826687878574,533.064428245508,-0.760982665315375,8.47555555555555
19.15,-260.542494809045,532.7599521221,-0.760982665315325,8.31555555555555
19.2,-260.26469843818,532.460359426915,-0.760982665315325,8.15555555555555
19.25,-259.993298765979,532.165650159951,-0.76098266531539,7.99555555555555
19.3,-259.728295792442,531.87582432121,-0.760982665315455,7.83555555555555
19.35,-259.469689517569,531.590881910691,-0.760982665315403,7.67555555555555
19.4,-259.21747994136,531.310822928394,-0.760982665315342,7.51555555555555
19.45,-258.971667063816,531.035647374319,-0.760982665315304,7.35555555555555
19.5,-258.732250884935,530.765355248466,-0.760982665315333,7.19555555555555
19.55,-258.498878939514,530.500316661599,-0.760982665315362,7.03555555555555
19.6,-258.270696834336,530.241428780647,-0.760982665315378,6.87555555555555
19.65,-258.0477045694,529.988691605609,-0.760982665315378,6.71555555555555
19.7,-257.829902144708,529.742105136487,-0.760982665315378,6.55555555555555
19.75,-257.617289560258,529.50166937328,-0.760982665315378,6.39555555555555
19.8,-257.409866816051,529.267384315988,-0.760982665315378,6.23555555555555
19.85,-257.207633912087,529.039249964611,-0.760982665315378,6.07555555555555
19.9,-257.010590848365,528.81726631915,-0.76098266531538,5.91555555555555
19.95,-256.818737624887,528.601433379603,-0.760982665315391,5.75555555555555
20,-256.632074241651,528.391751145972,-0.760982665315402,5.59555555555555
20.05,-256.450600698658,528.188219618255,-0.760982665315413,5.43555555555555
20.1,-256.274316995908,527.990838796454,-0.760982665315412,5.27555555555555
20.15,-256.1032231334,527.799608680568,-0.760982665315402,5.11555555555555
20.2,-255.937319111136,527.614529270597,-0.760982665315392,4.95555555555555
20.25,-255.776604929114,527.435600566541,-0.760982665315383,4.79555555555555
20.3,-255.621080587335,527.262822568401,-0.760982665315378,4.63555555555555
20.35,-255.470746085799,527.096195276175,-0.760982665315378,4.47555555555555
20.4,-255.325601424505,526.935718689865,-0.760982665315378,4.31555555555555
20.45,-255.185646603455,526.781392809469,-0.760982665315378,4.15555555555555
20.5,-255.050881622647,526.633217634989,-0.760982665315378,3.99555555555555
20.55,-254.921306482082,526.491193166424,-0.760982665315382,3.83555555555555
20.6,-254.79692118176,526.355319403774,-0.760982665315385,3.67555555555555
20.65,-254.67772572168,526.225596347039,-0.760982665315389,3.51555555555555
20.7,-254.563720101844,526.102023996219,-0.760982665315392,3.35555555555555
20.75,-254.45490432225,525.984602351314,-0.760982665315395,3.19555555555555
20.8,-254.351278382899,525.873331412325,-0.760982665315398,3.03555555555555
20.85,-254.252842283791,525.76821117925,-0.760982665315398,2.87555555555555
20.9,-254.159596024925,525.669241652091,-0.760982665315398,2.71555555555555
20.95,-254.075209580084,525.572569126199,-0.760982665315398,2.55555555555555
21,-253.988471462435,525.489966372032,-0.760982665315398,2.39555555555555
21.05,-253.907526614238,525.412880684934,-0.760982665315398,2.23555555555555
21.1,-253.832375035495,525.341312064904,-0.760982665315398,2.07555555555555
21.15,-253.763016726205,525.275260511944,-0.760982665315398,1.91555555555555
21.2,-253.699451686369,525.214726026052,-0.760982665315398,1.75555555555555
21.25,-253.641679915986,525.159708607228,-0.760982665315398,1.59555555555555
21.3,-253.589701415057,525.110208255473,-0.760982665315396,1.43555555555555
21.35,-253.543516183581,525.066224970787,-0.760982665315395,1.27555555555555
21.4,-253.503124221558,525.02775875317,-0.760982665315394,1.11555555555555
21.45,-253.468525528989,524.994809602621,-0.760982665315393,0.955555555555547
21.5,-253.439720105874,524.96737751914,-0.760982665315392,0.795555555555547
21.55,-253.416707952211,524.945462502729,-0.760982665315392,0.635555555555547
21.6,-253.399489068003,524.929064553386,-0.760982665315391,0.475555555555547
21.65,-253.381988530171,524.91119007995,-0.760982665315391,0.5
21.7,-253.365091421551,524.892681967668,-0.76098266531539,0.5
21.75,-253.348797742141,524.873540216539,-0.76098266531539,0.5
21.8,-253.333107491941,524.853764826563,-0.760982665315389,0.5
21.85,-253.318020670952,524.833355797741,-0.760982665315389,0.5
21.9,-253.303537279174,524.812313130073,-0.760982665315388,0.5
21.95,-253.289097964653,524.791224178497,-0.760982665315388,0.5
22,-253.274658650132,524.77013522692,-0.760982665315387,0.5
22.05,-253.26021933561,524.749046275344,-0.760982665315387,0.5
22.1,-253.245780021089,524.727957323767,-0.760982665315386,0.5
22.15,-253.231340706568,524.706868372191,-0.760982665315386,0.5
22.2,-253.216901392047,524.685779420614,-0.760982665315385,0.5
22.25,-253.202462077525,524.664690469037,-0.760982665315385,0.5
22.3,-253.188022763004,524.643601517461,-0.760982665315384,0.5
22.35,-253.173583448483,524.622512565884,-0.760982665315384,0.5
22.4,-253.159144133961,524.601423614308,-0.760982665315383,0.5
22.45,-253.14470481944,524.580334662731,-0.760982665315383,0.5
22.5,-253.130265504919,524.559245711155,-0.760982665315383,0.5
22.55,-253.115826190398,524.538156759578,-0.760982665315382,0.5
22.6,-253.101386875876,524.517067808002,-0.760982665315382,0.5
22.65,-253.086947561355,524.495978856425,-0.760982665315381,0.5
22.7,-253.072508246834,524.474889904849,-0.760982665315381,0.5
22.75,-253.058068932312,524.453800953272,-0.76098266531538,0.5
22.8,-253.043629617791,524.432712001695,-0.76098266531538,0.5
22.85,-253.02919030327,524.411623050119,-0.760982665315379,0.5
22.9,-253.014750988749,524.390534098542,-0.760982665315379,0.5
22.95,-253.000311674227,524.369445146966,-0.760982665315378,0.5
23,-252.985872359706,524.348356195389,-0.760982665315378,0.5
23.05,-252.971433045185,524.327267243813,-0.760982665315378,0.5
23.1,-252.956993730664,524.306178292236,-0.760982665315378,0.5
23.15,-252.942554416142,524.28508934066,-0.760982665315378,0.5
23.2,-252.928115101621,524.264000389083,-0.760982665315378,0.5
23.25,-252.9136757871,524.242911437507,-0.760982665315378,0.5
23.3,-252.899236472578,524.22182248593,-0.760982665315378,0.5
23.35,-252.884797158057,524.200733534354,-0.760982665315378,0.5
23.4,-252.870357843536,524.179644582777,-0.760982665315378,0.5
23.45,-252.855918529015,524.158555631201,-0.760982665315378,0.5
23.5,-252.841479214493,524.137466679624,-0.760982665315378,0.5
23.55,-252.827039899972,524.116377728047,-0.760982665315378,0.5
23.6,-252.812600585451,524.095288776471,-0.760982665315378,0.5
23.65,-252.79816127093,524.074199824894,-0.760982665315378,0.5
23.7,-252.783721956408,524.053110873318,-0.760982665315378,0.5
23.75,-252.769282641887,524.032021921741,-0.760982665315378,0.5
23.8,-252.754843327366,524.010932970165,-0.760982665315378,0.5
23.85,-252.740404012844,523.989844018588,-0.760982665315378,0.5
23.9,-252.725964698323,523.968755067012,-0.760982665315378,0.5
23.95,-252.711525383802,523.947666115435,-0.760982665315378,0.5
24,-252.697086069281,523.926577163859,-0.760982665315378,0.5
24.05,-252.682646754759,523.905488212282,-0.760982665315378,0.5
24.1,-252.673397280481,523.890549966621,-0.760982665315378,0.34
24.15,-252.669337646445,523.881762426874,-0.760982665315378,0.18
24.2,-252.670467852652,523.879125593043,-0.760982665315378,0.0199999999999999
24.25,-252.67171878833,523.877812031442,-0.760982665315378,0
24.3,-252.672366294798,523.877132108687,-0.760982665315378,0
24.35,-252.672410372055,523.877085824779,-0.760982665315378,0
24.4,-252.672410372055,523.877085824779,-0.760982665315378,0
24.45,-252.672410372055,523.877085824779,-0.760982665315378,0
24.5,-252.672410372055,523.877085824779,-0.760982665315378,0
24.55,-252.672410372055,523.877085824779,-0.760982665315378,0
24.6,-252.672410372055,523.877085824779,-0.760982665315378,0
24.65,-252.672410372055,523.877085824779,-0.760982665315378,0
24.7,-252.672410372055,523.877085824779,-0.760982665315378,0
24.75,-252.672410372055,523.877085824779,-0.760982665315378,0
24.8,-252.672410372055,523.877085824779,-0.760982665315378,0
24.85,-252.672410372055,523.877085824779,-0.760982665315378,0
24.9,-252.672410372055,523.877085824779,-0.760982665315378,0
24.95,-252.672410372055,523.877085824779,-0.760982665315378,0
25,-252.672410372055,523.877085824779,-0.760982665315378,0
25.05,-252.672410372055,523.877085824779,-0.760982665315378,0
25.1,-252.672410372055,523.877085824779,-0.760982665315378,0
25.15,-252.672410372055,523.877085824779,-0.760982665315378,0
25.2,-252.672410372055,523.877085824779,-0.760982665315378,0
25.25,-252.672410372055,523.877085824779,-0.760982665315378,0
25.3,-252.672410372055,523.877085824779,-0.760982665315378,0
25.35,-252.672410372055,523.877085824779,-0.760982665315378,0
25.4,-252.672410372055,523.877085824779,-0.760982665315378,0
25.45,-252.672410372055,523.877085824779,-0.760982665315378,0
25.5,-252.672410372055,523.877085824779,-0.760982665315378,0
25.55,-252.672410372055,523.877085824779,-0.760982665315378,0
25.6,-252.672410372055,523.877085824779,-0.760982665315378,0
25.65,-252.672410372055,523.877085824779,-0.760982665315378,0
25.7,-252.672410372055,523.877085824779,-0.760982665315378,0
25.75,-252.672410372055,523.877085824779,-0.760982665315378,0
25.8,-252.672410372055,523.877085824779,-0.760982665315378,0
25.85,-252.672410372055,523.877085824779,-0.760982665315378,0
25.9,-252.672410372055,523.877085824779,-0.760982665315378,0
25.95,-252.672410372055,523.877085824779,-0.760982665315378,0
26,-252.672410372055,523.877085824779,-0.760982665315378,0
26.05,-252.672410372055,523.877085824779,-0.760982665315378,0
26.1,-252.672410372055,523.877085824779,-0.760982665315378,0
26.15,-252.672410372055,523.877085824779,-0.760982665315378,0
26.2,-252.672410372055,523.877085824779,-0.760982665315378,0
26.25,-252.672410372055,523.877085824779,-0.760982665315378,0
26.3,-252.672410372055,523.877085824779,-0.760982665315378,0
26.35,-252.672410372055,523.877085824779,-0.760982665315378,0
26.4,-252.672410372055,523.877085824779,-0.760982665315378,0
26.45,-252.672410372055,523.877085824779,-0.760982665315378,0
26.5,-252.672410372055,523.877085824779,-0.760982665315378,0
26.55,-252.672410372055,523.877085824779,-0.760982665315378,0
26.6,-252.672410372055,523.877085824779,-0.760982665315378,0
26.65,-252.672410372055,523.877085824779,-0.760982665315378,0
26.7,-252.672410372055,523.877085824779,-0.760982665315378,0
26.75,-252.672410372055,523.877085824779,-0.760982665315378,0
26.8,-252.672410372055,523.877085824779,-0.760982665315378,0
26.85,-252.672410372055,523.877085824779,-0.760982665315378,0
26.9,-252.672410372055,523.877085824779,-0.760982665315378,0
26.95,-252.672410372055,523.877085824779,-0.760982665315378,0
27,-252.672410372055,523.877085824779,-0.760982665315378,0
27.05,-252.672410372055,523.877085824779,-0.760982665315378,0
27.1,-252.672410372055,523.877085824779,-0.760982665315378,0
27.15,-252.672410372055,523.877085824779,-0.760982665315378,0
27.2,-252.672410372055,523.877085824779,-0.760982665315378,0
27.25,-252.672410372055,523.877085824779,-0.760982665315378,0
27.3,-252.672410372055,523.877085824779,-0.760982665315378,0
27.35,-252.672410372055,523.877085824779,-0.760982665315378,0
27.4,-252.672410372055,523.877085824779,-0.760982665315378,0
27.45,-252.672410372055,523.877085824779,-0.760982665315378,0
27.5,-252.672410372055,523.877085824779,-0.760982665315378,0
27.55,-252.672410372055,523.877085824779,-0.760982665315378,0
27.6,-252.672410372055,523.877085824779,-0.760982665315378,0
27.65,-252.672410372055,523.877085824779,-0.760982665315378,0
27.7,-252.672410372055,523.877085824779,-0.760982665315378,0
27.75,-252.672410372055,523.877085824779,-0.760982665315378,0
27.8,-252.672410372055,523.877085824779,-0.760982665315378,0
27.85,-252.672410372055,523.877085824779,-0.760982665315378,0
27.9,-252.672410372055,523.877085824779,-0.760982665315378,0
27.95,-252.672410372055,523.877085824779,-0.760982665315378,0
28,-252.672410372055,523.877085824779,-0.760982665315378,0
28.05,-252.672410372055,523.877085824779,-0.760982665315378,0
28.1,-252.672410372055,523.877085824779,-0.760982665315378,0
28.15,-252.672410372055,523.877085824779,-0.760982665315378,0
28.2,-252.672410372055,523.877085824779,-0.760982665315378,0
28.25,-252.672410372055,523.877085824779,-0.760982665315378,0
28.3,-252.672410372055,523.877085824779,-0.760982665315378,0
28.35,-252.672410372055,523.877085824779,-0.760982665315378,0
28.4,-252.672410372055,523.877085824779,-0.760982665315378,0
28.45,-252.672410372055,523.877085824779,-0.760982665315378,0
28.5,-252.672410372055,523.877085824779,-0.760982665315378,0
28.55,-252.672410372055,523.877085824779,-0.760982665315378,0
28.6,-252.672410372055,523.877085824779,-0.760982665315378,0
28.65,-252.672410372055,523.877085824779,-0.760982665315378,0
28.7,-252.672410372055,523.877085824779,-0.760982665315378,0
28.75,-252.672410372055,523.877085824779,-0.760982665315378,0
28.8,-252.672410372055,523.877085824779,-0.760982665315378,0
28.85,-252.672410372055,523.877085824779,-0.760982665315378,0
28.9,-252.672410372055,523.877085824779,-0.760982665315378,0
28.95,-252.672410372055,523.877085824779,-0.760982665315378,0
29,-252.672410372055,523.877085824779,-0.760982665315378,0
29.05,-252.672410372055,523.877085824779,-0.760982665315378,0
29.1,-252.672410372055,523.877085824779,-0.760982665315378,0
29.15,-252.672410372055,523.877085824779,-0.760982665315378,0
29.2,-252.672410372055,523.877085824779,-0.760982665315378,0
29.25,-252.672410372055,523.877085824779,-0.760982665315378,0
29.3,-252.672410372055,523.877085824779,-0.760982665315378,0
29.35,-252.672410372055,523.877085824779,-0.760982665315378,0
29.4,-252.672410372055,523.877085824779,-0.760982665315378,0
29.45,-252.672410372055,523.877085824779,-0.760982665315378,0
29.5,-252.672410372055,523.877085824779,-0.760982665315378,0
29.55,-252.672410372055,523.877085824779,-0.760982665315378,0
29.6,-252.672410372055,523.877085824779,-0.760982665315378,0
29.65,-252.672410372055,523.877085824779,-0.760982665315378,0
29.7,-252.672410372055,523.877085824779,-0.760982665315378,0
29.75,-252.672410372055,523.877085824779,-0.760982665315378,0
29.8,-252.672410372055,523.877085824779,-0.760982665315378,0
29.85,-252.672410372055,523.877085824779,-0.760982665315378,0
29.9,-252.672410372055,523.877085824779,-0.760982665315378,0
29.95,-252.672410372055,523.877085824779,-0.760982665315378,0
30,-252.672410372055,523.877085824779,-0.760982665315378,0
30.05,-252.672410372055,523.877085824779,-0.760982665315378,0
30.1,-252.672410372055,523.877085824779,-0.760982665315378,0
30.15,-252.672410372055,523.877085824779,-0.760982665315378,0
30.2,-252.669755087198,523.873348835706,-0.760982665315378,0.09
30.25,-252.664444517484,523.865874857561,-0.760982665315378,0.18
30.3,-252.656478662913,523.854663890343,-0.760982665315378,0.27
30.35,-252.645857523485,523.839715934053,-0.760982665315378,0.36
30.4,-252.632581099201,523.82103098869,-0.760982665315378,0.45
30.45,-252.616649390059,523.798609054255,-0.760982665315378,0.54
30.5,-252.598062396061,523.772450130747,-0.760982665315378,0.63
30.55,-252.576820117206,523.742554218166,-0.760982665315378,0.72
30.6,-252.552922553493,523.708921316513,-0.760982665315378,0.81
30.65,-252.526369704924,523.671551425787,-0.760982665315378,0.9
30.7,-252.497161571498,523.630444545988,-0.760982665315378,0.99
30.75,-252.465298153215,523.585600677117,-0.760982665315378,1.08
30.8,-252.430779450075,523.537019819174,-0.760982665315378,1.17
30.85,-252.393605462078,523.484701972158,-0.760982665315373,1.26
30.9,-252.353776189224,523.428647136069,-0.760982665315368,1.35
30.95,-252.311291631514,523.368855310908,-0.760982665315362,1.44
31,-252.266151788946,523.305326496674,-0.760982665315355,1.53
31.05,-252.218356661521,523.238060693367,-0.760982665315349,1.62
31.1,-252.16790624924,523.167057900988,-0.760982665315342,1.71
31.15,-252.114800552101,523.092318119536,-0.760982665315334,1.8
31.2,-252.059039570106,523.013841349012,-0.760982665315326,1.89
31.25,-252.000623303254,522.931627589415,-0.760982665315318,1.98
31.3,-251.939551751545,522.845676840746,-0.76098266531531,2.07
31.35,-251.875824914979,522.755989103004,-0.760982665315301,2.16
31.4,-251.810448569502,522.663522200333,-0.760982665315304,2.22222222222222
31.45,-251.745675653237,522.570421658816,-0.760982665315323,2.22222222222222
31.5,-251.681500922031,522.476692985143,-0.760982665315341,2.22222222222222
31.55,-251.617326190825,522.382964311469,-0.760982665315359,2.22222222222222
31.6,-251.55315145962,522.289235637796,-0.760982665315378,2.22222222222222
31.65,-251.488976728414,522.195506964122,-0.760982665315396,2.22222222222222
31.7,-251.424801997208,522.101778290448,-0.760982665315414,2.22222222222222
31.75,-251.360627266002,522.008049616775,-0.760982665315433,2.22222222222222
31.8,-251.296452534797,521.914320943101,-0.760982665315451,2.22222222222222
31.85,-251.232277803591,521.820592269428,-0.760982665315456,2.22222222222222
31.9,-251.168103072385,521.726863595754,-0.760982665315447,2.22222222222222
31.95,-251.103928341179,521.633134922081,-0.760982665315438,2.22222222222222
32,-251.039753609974,521.539406248407,-0.760982665315429,2.22222222222222
32.05,-250.975578878768,521.445677574734,-0.76098266531542,2.22222222222222
32.1,-250.911404147562,521.35194890106,-0.760982665315411,2.22222222222222
32.15,-250.847229416356,521.258220227386,-0.760982665315402,2.22222222222222
32.2,-250.783054685151,521.164491553713,-0.760982665315392,2.22222222222222
32.25,-250.718879953945,521.070762880039,-0.760982665315383,2.22222222222222
32.3,-250.654705222739,520.977034206366,-0.760982665315376,2.22222222222222
32.35,-250.590530491533,520.883305532692,-0.760982665315371,2.22222222222222
32.4,-250.526355760328,520.789576859018,-0.760982665315367,2.22222222222222
32.45,-250.462181029122,520.695848185345,-0.760982665315362,2.22222222222222
32.5,-250.398006297916,520.602119511672,-0.760982665315357,2.22222222222222
32.55,-250.33383156671,520.508390837998,-0.760982665315352,2.22222222222222
32.6,-250.269656835505,520.414662164324,-0.760982665315347,2.22222222222222
32.65,-250.205482104299,520.320933490651,-0.760982665315343,2.22222222222222
32.7,-250.141307373093,520.227204816977,-0.760982665315338,2.22222222222222
32.75,-250.077132641888,520.133476143304,-0.760982665315337,2.22222222222222
32.8,-250.012957910682,520.03974746963,-0.760982665315342,2.22222222222222
32.85,-249.948783179476,519.946018795957,-0.760982665315347,2.22222222222222
32.9,-249.88460844827,519.852290122283,-0.760982665315352,2.22222222222222
32.95,-249.820433717065,519.758561448609,-0.760982665315357,2.22222222222222
33,-249.756258985859,519.664832774936,-0.760982665315361,2.22222222222222
33.05,-249.692084254653,519.571104101262,-0.760982665315366,2.22222222222222
33.1,-249.627909523447,519.477375427589,-0.760982665315371,2.22222222222222
33.15,-249.563734792242,519.383646753915,-0.760982665315376,2.22222222222222
33.2,-249.499560061036,519.289918080242,-0.760982665315378,2.22222222222222
33.25,-249.43538532983,519.196189406568,-0.760982665315378,2.22222222222222
33.3,-249.371210598624,519.102460732895,-0.760982665315378,2.22222222222222
33.35,-249.307035867419,519.008732059221,-0.760982665315378,2.22222222222222
33.4,-249.242861136213,518.915003385547,-0.760982665315378,2.22222222222222
33.45,-249.178686405007,518.821274711874,-0.760982665315378,2.22222222222222
33.5,-249.114511673802,518.7275460382,-0.760982665315378,2.22222222222222
33.55,-249.050336942596,518.633817364527,-0.760982665315378,2.22222222222222
33.6,-248.98616221139,518.540088690853,-0.760982665315378,2.22222222222222
33.65,-248.921987480184,518.44636001718,-0.760982665315378,2.22222222222222
33.7,-248.857812748979,518.352631343506,-0.760982665315378,2.22222222222222
33.75,-248.793638017773,518.258902669833,-0.760982665315378,2.22222222222222
33.8,-248.729463286567,518.165173996159,-0.760982665315378,2.22222222222222
33.85,-248.665288555361,518.071445322485,-0.760982665315378,2.22222222222222
33.9,-248.601113824156,517.977716648812,-0.760982665315378,2.22222222222222
33.95,-248.53693909295,517.883987975138,-0.760982665315378,2.22222222222222
34,-248.472764361744,517.790259301465,-0.760982665315378,2.22222222222222
34.05,-248.408589630538,517.696530627791,-0.760982665315378,2.22222222222222
34.1,-248.344414899333,517.602801954118,-0.760982665315378,2.22222222222222
34.15,-248.280240168127,517.509073280444,-0.760982665315378,2.22222222222222
34.2,-248.216065436921,517.415344606771,-0.760982665315378,2.22222222222222
34.25,-248.151890705715,517.321615933097,-0.760982665315378,2.22222222222222
34.3,-248.08771597451,517.227887259423,-0.760982665315378,2.22222222222222
34.35,-248.023541243304,517.13415858575,-0.760982665315378,2.22222222222222
34.4,-247.959366512098,517.040429912076,-0.760982665315378,2.22222222222222
34.45,-247.895191780893,516.946701238403,-0.760982665315378,2.22222222222222
34.5,-247.831017049687,516.852972564729,-0.760982665315378,2.22222222222222
34.55,-247.766842318481,516.759243891056,-0.760982665315379,2.22222222222222
34.6,-247.702667587275,516.665515217382,-0.760982665315382,2.22222222222222
34.65,-247.63849285607,516.571786543709,-0.760982665315384,2.22222222222222
34.7,-247.574318124864,516.478057870035,-0.760982665315386,2.22222222222222
34.75,-247.510143393658,516.384329196361,-0.760982665315388,2.22222222222222
34.8,-247.445968662452,516.290600522688,-0.76098266531539,2.22222222222222
34.85,-247.381793931247,516.196871849014,-0.760982665315392,2.22222222222222
34.9,-247.317619200041,516.103143175341,-0.760982665315395,2.22222222222222
34.95,-247.253444468835,516.009414501667,-0.760982665315397,2.22222222222222
35,-247.189269737629,515.915685827994,-0.760982665315398,2.22222222222222
35.05,-247.125095006424,515.82195715432,-0.760982665315398,2.22222222222222
35.1,-247.060920275218,515.728228480647,-0.760982665315398,2.22222222222222
35.15,-246.996745544012,515.634499806973,-0.760982665315398,2.22222222222222
35.2,-246.932570812806,515.540771133299,-0.760982665315398,2.22222222222222
35.25,-246.868396081601,515.447042459626,-0.760982665315398,2.22222222222222
35.3,-246.804221350395,515.353313785952,-0.760982665315398,2.22222222222222
35.35,-246.740046619189,515.259585112279,-0.760982665315398,2.22222222222222
35.4,-246.675871887984,515.165856438605,-0.760982665315398,2.22222222222222
35.45,-246.611697156778,515.072127764932,-0.760982665315397,2.22222222222222
35.5,-246.547522425572,514.978399091258,-0.760982665315395,2.22222222222222
35.55,-246.483347694366,514.884670417585,-0.760982665315393,2.22222222222222
35.6,-246.419172963161,514.790941743911,-0.76098266531539,2.22222222222222
35.65,-246.354998231955,514.697213070237,-0.760982665315388,2.22222222222222
35.7,-246.290823500749,514.603484396564,-0.760982665315386,2.22222222222222
35.75,-246.226648769543,514.50975572289,-0.760982665315384,2.22222222222222
35.8,-246.162474038338,514.416027049217,-0.760982665315382,2.22222222222222
35.85,-246.098299307132,514.322298375543,-0.76098266531538,2.22222222222222
35.9,-246.034124575926,514.22856970187,-0.760982665315378,2.22222222222222
35.95,-245.96994984472,514.134841028196,-0.760982665315378,2.22222222222222
36,-245.905775113515,514.041112354523,-0.760982665315378,2.22222222222222
36.05,-245.841600382309,513.947383680849,-0.760982665315378,2.22222222222222
36.1,-245.777425651103,513.853655007175,-0.760982665315378,2.22222222222222
36.15,-245.713250919897,513.759926333502,-0.760982665315378,2.22222222222222
36.2,-245.649076188692,513.666197659828,-0.760982665315378,2.22222222222222
36.25,-245.584901457486,513.572468986155,-0.760982665315378,2.22222222222222
36.3,-245.52072672628,513.478740312481,-0.760982665315378,2.22222222222222
36.35,-245.456551995074,513.385011638808,-0.760982665315378,2.22222222222222
36.4,-245.392377263869,513.291282965134,-0.760982665315378,2.22222222222222
36.45,-245.328202532663,513.197554291461,-0.760982665315378,2.22222222222222
36.5,-245.264027801457,513.103825617787,-0.760982665315378,2.22222222222222
36.55,-245.199853070252,513.010096944113,-0.760982665315378,2.22222222222222
36.6,-245.135678339046,512.91636827044,-0.760982665315378,2.22222222222222
36.65,-245.07150360784,512.822639596766,-0.760982665315378,2.22222222222222
36.7,-245.007137449636,512.729111933552,-0.760982665315378,2.22222222222222
36.75,-244.942167862221,512.636217909183,-0.760982665315378,2.22222222222222
36.8,-244.876594845595,512.543957523662,-0.760982665315379,2.22222222222222
36.85,-244.810418399759,512.452330776986,-0.760982665315382,2.22222222222222
36.9,-244.743638524713,512.361337669157,-0.760982665315384,2.22222222222222
36.95,-244.676255220455,512.270978200175,-0.760982665315386,2.22222222222222
37,-244.608268486987,512.181252370039,-0.760982665315388,2.22222222222222
37.05,-244.539678324309,512.09216017875,-0.76098266531539,2.22222222222222
37.1,-244.470484732419,512.003701626307,-0.760982665315392,2.22222222222222
37.15,-244.400687711319,511.91587671271,-0.760982665315395,2.22222222222222
37.2,-244.330287261009,511.82868543796,-0.760982665315397,2.22222222222222
37.25,-244.259283381488,511.742127802057,-0.760982665315395,2.22222222222222
37.3,-244.187676072756,511.656203805,-0.760982665315388,2.22222222222222
37.35,-244.115465334813,511.570913446789,-0.760982665315381,2.22222222222222
37.4,-244.04265116766,511.486256727425,-0.760982665315375,2.22222222222222
37.45,-243.969233571296,511.402233646907,-0.760982665315368,2.22222222222222
37.5,-243.895212545722,511.318844205236,-0.760982665315361,2.22222222222222
37.55,-243.820588090937,511.236088402411,-0.760982665315354,2.22222222222222
37.6,-243.745360206942,511.153966238433,-0.760982665315348,2.22222222222222
37.65,-243.669528893735,511.072477713301,-0.760982665315341,2.22222222222222
37.7,-243.596471893278,510.988075984269,-0.76098266531534,2.22222222222222
37.75,-243.516009817535,510.91145005276,-0.760982665315347,2.22222222222222
37.8,-243.435547741793,510.834824121251,-0.760982665315354,2.22222222222222
37.85,-243.355085666051,510.758198189742,-0.760982665315361,2.22222222222222
37.9,-243.274623590309,510.681572258233,-0.760982665315367,2.22222222222222
37.95,-243.194161514567,510.604946326724,-0.760982665315374,2.22222222222222
38,-243.113699438825,510.528320395215,-0.760982665315381,2.22222222222222
38.05,-243.033237363083,510.451694463706,-0.760982665315388,2.22222222222222
38.1,-242.952775287341,510.375068532197,-0.760982665315394,2.22222222222222
38.15,-242.872313211599,510.298442600688,-0.760982665315395,2.22222222222222
38.2,-242.791851135857,510.221816669179,-0.760982665315388,2.22222222222222
38.25,-242.711389060115,510.14519073767,-0.760982665315381,2.22222222222222
38.3,-242.630926984373,510.068564806161,-0.760982665315375,2.22222222222222
38.35,-242.550464908631,509.991938874652,-0.760982665315368,2.22222222222222
38.4,-242.470002832889,509.915312943143,-0.760982665315361,2.22222222222222
38.45,-242.389540757147,509.838687011634,-0.760982665315354,2.22222222222222
38.5,-242.309078681405,509.762061080125,-0.760982665315348,2.22222222222222
38.55,-242.228616605663,509.685435148616,-0.760982665315341,2.22222222222222
38.6,-242.148154529921,509.608809217107,-0.760982665315342,2.22222222222222
38.65,-242.067692454179,509.532183285599,-0.760982665315354,2.22222222222222
38.7,-241.987230378436,509.45555735409,-0.760982665315365,2.22222222222222
38.75,-241.906768302694,509.378931422581,-0.760982665315376,2.22222222222222
38.8,-241.826306226952,509.302305491072,-0.760982665315388,2.22222222222222
38.85,-241.74584415121,509.225679559563,-0.760982665315399,2.22222222222222
38.9,-241.665382075468,509.149053628054,-0.76098266531541,2.22222222222222
38.95,-241.584919999726,509.072427696545,-0.760982665315422,2.22222222222222
39,-241.504457923984,508.995801765036,-0.760982665315433,2.22222222222222
39.05,-241.423995848242,508.919175833527,-0.760982665315436,2.22222222222222
39.1,-241.3435337725,508.842549902018,-0.760982665315429,2.22222222222222
39.15,-241.263071696758,508.765923970509,-0.760982665315422,2.22222222222222
39.2,-241.182609621016,508.689298039,-0.760982665315416,2.22222222222222
39.25,-241.102147545274,508.612672107491,-0.760982665315409,2.22222222222222
39.3,-241.021685469532,508.536046175982,-0.760982665315402,2.22222222222222
39.35,-240.94122339379,508.459420244473,-0.760982665315395,2.22222222222222
39.4,-240.860761318048,508.382794312964,-0.760982665315389,2.22222222222222
39.45,-240.780299242306,508.306168381455,-0.760982665315382,2.22222222222222
39.5,-240.699837166564,508.229542449946,-0.760982665315376,2.22222222222222
39.55,-240.619375090822,508.152916518437,-0.760982665315372,2.22222222222222
39.6,-240.53891301508,508.076290586928,-0.760982665315367,2.22222222222222
39.65,-240.458450939337,507.999664655419,-0.760982665315363,2.22222222222222
39.7,-240.377988863595,507.92303872391,-0.760982665315358,2.22222222222222
39.75,-240.297526787853,507.846412792401,-0.760982665315353,2.22222222222222
39.8,-240.217064712111,507.769786860892,-0.760982665315349,2.22222222222222
39.85,-240.136602636369,507.693160929383,-0.760982665315344,2.22222222222222
39.9,-240.056140560627,507.616534997874,-0.76098266531534,2.22222222222222
39.95,-239.975678484885,507.539909066365,-0.760982665315339,2.22222222222222
40,-239.895216409143,507.463283134856,-0.760982665315344,2.22222222222222
40.05,-239.814754333401,507.386657203347,-0.760982665315349,2.22222222222222
40.1,-239.734292257659,507.310031271838,-0.760982665315353,2.22222222222222
40.15,-239.653830181917,507.233405340329,-0.760982665315358,2.22222222222222
40.2,-239.573368106175,507.15677940882,-0.760982665315362,2.22222222222222
40.25,-239.492906030433,507.080153477311,-0.760982665315367,2.22222222222222
40.3,-239.412443954691,507.003527545802,-0.760982665315371,2.22222222222222
40.35,-239.331981878949,506.926901614293,-0.760982665315376,2.22222222222222
40.4,-239.251519803207,506.850275682784,-0.760982665315382,2.22222222222222
40.45,-239.171057727465,506.773649751275,-0.760982665315388,2.22222222222222
40.5,-239.090595651723,506.697023819766,-0.760982665315395,2.22222222222222
40.55,-239.01013357598,506.620397888257,-0.760982665315402,2.22222222222222
40.6,-238.929671500238,506.543771956748,-0.760982665315408,2.22222222222222
40.65,-238.849209424496,506.467146025239,-0.760982665315415,2.22222222222222
40.7,-238.768747348754,506.39052009373,-0.760982665315422,2.22222222222222
40.75,-238.688285273012,506.313894162221,-0.760982665315429,2.22222222222222
40.8,-238.60782319727,506.237268230712,-0.760982665315436,2.22222222222222
40.85,-238.527361121528,506.160642299203,-0.760982665315435,2.22222222222222
40.9,-238.446899045786,506.084016367694,-0.760982665315426,2.22222222222222
40.95,-238.366436970044,506.007390436185,-0.760982665315417,2.22222222222222
41,-238.285974894302,505.930764504676,-0.760982665315407,2.22222222222222
41.05,-238.20551281856,505.854138573167,-0.760982665315398,2.22222222222222
41.1,-238.125050742818,505.777512641658,-0.760982665315389,2.22222222222222
41.15,-238.044588667076,505.700886710149,-0.76098266531538,2.22222222222222
41.2,-237.964126591334,505.62426077864,-0.760982665315371,2.22222222222222
41.25,-237.883664515592,505.547634847131,-0.760982665315362,2.22222222222222
41.3,-237.80320243985,505.471008915622,-0.760982665315358,2.22222222222222
41.35,-237.722740364108,505.394382984113,-0.76098266531536,2.22222222222222
41.4,-237.642278288366,505.317757052604,-0.760982665315363,2.22222222222222
41.45,-237.561816212624,505.241131121095,-0.760982665315365,2.22222222222222
41.5,-237.481354136881,505.164505189586,-0.760982665315368,2.22222222222222
41.55,-237.400892061139,505.087879258077,-0.76098266531537,2.22222222222222
41.6,-237.320429985397,505.011253326568,-0.760982665315372,2.22222222222222
41.65,-237.239967909655,504.934627395059,-0.760982665315375,2.22222222222222
41.7,-237.159505833913,504.85800146355,-0.760982665315377,2.22222222222222
41.75,-237.078285266374,504.780653680026,-0.760322045918659,2.22222222222222
41.8,-236.996183353167,504.70247038368,-0.758895222167512,2.22222222222222
41.85,-236.914079219545,504.624289428677,-0.757468398416366,2.22222222222222
41.9,-236.83197286885,504.546110818184,-0.756041574665219,2.22222222222222
41.95,-236.749864304431,504.467934555361,-0.754614750914072,2.22222222222222
42,-236.667753529639,504.389760643364,-0.753187927162926,2.22222222222222
42.05,-236.585640547831,504.311589085345,-0.751761103411779,2.22222222222222
42.1,-236.503525362368,504.233419884451,-0.750334279660633,2.22222222222222
42.15,-236.421407976614,504.155253043823,-0.748907455909486,2.22222222222222
42.2,-236.338909439319,504.077638049668,-0.747541474510332,2.22222222222222
42.25,-236.255969468348,504.000662423098,-0.746246059726786,2.22222222222222
42.3,-236.173027691682,503.923688749458,-0.74495064494324,2.22222222222222
42.35,-236.090084111851,503.846717031084,-0.743655230159694,2.22222222222222
42.4,-236.00713873139,503.76974727031,-0.742359815376147,2.22222222222222
42.45,-235.924191552836,503.692779469468,-0.741064400592601,2.22222222222222
42.5,-235.841242578731,503.615813630886,-0.739768985809055,2.22222222222222
42.55,-235.758291811617,503.538849756886,-0.738473571025508,2.22222222222222
42.6,-235.67533925404,503.461887849792,-0.737178156241962,2.22222222222222
42.65,-235.592681107454,503.386005595001,-0.736482518503135,2.22222222222222
42.7,-235.510366020712,503.311373795432,-0.73648251850313,2.22222222222222
42.75,-235.42805093397,503.236741995862,-0.736482518503125,2.22222222222222
42.8,-235.345735847227,503.162110196293,-0.736482518503121,2.22222222222222
42.85,-235.263420760485,503.087478396724,-0.736482518503116,2.22222222222222
42.9,-235.181105673743,503.012846597154,-0.736482518503111,2.22222222222222
42.95,-235.098790587001,502.938214797585,-0.736482518503107,2.22222222222222
43,-235.016475500259,502.863582998015,-0.736482518503102,2.22222222222222
43.05,-234.934160413516,502.788951198446,-0.736482518503097,2.22222222222222
43.1,-234.851845326774,502.714319398877,-0.736482518503095,2.22222222222222
43.15,-234.765608753597,502.637313242733,-0.736482518503095,2.31222222222222
43.2,-234.675450693986,502.557932730015,-0.736482518503095,2.40222222222222
43.25,-234.581371147939,502.476177860722,-0.736482518503095,2.49222222222222
43.3,-234.483370115459,502.392048634855,-0.736482518503095,2.58222222222222
43.35,-234.381447596543,502.305545052413,-0.736482518503095,2.67222222222222
43.4,-234.275603591193,502.216667113397,-0.736482518503095,2.76222222222222
43.45,-234.165838099408,502.125414817806,-0.736482518503095,2.85222222222222
43.5,-234.052151121188,502.031788165641,-0.736482518503097,2.94222222222222
43.55,-233.934542656534,501.935787156901,-0.7364825185031,3.03222222222222
43.6,-233.813012705445,501.837411791587,-0.736482518503104,3.12222222222222
43.65,-233.687561267922,501.736662069699,-0.736482518503108,3.21222222222222
43.7,-233.558188343963,501.633537991236,-0.736482518503112,3.30222222222222
43.75,-233.42489393357,501.528039556198,-0.736482518503116,3.39222222222222
43.8,-233.287678036743,501.420166764586,-0.736482518503117,3.48222222222222
43.85,-233.146540653481,501.3099196164,-0.736482518503117,3.57222222222222
43.9,-233.001481783784,501.197298111639,-0.736482518503116,3.66222222222222
43.95,-232.852501427652,501.082302250304,-0.736482518503115,3.75222222222222
44,-232.699599585086,500.964932032394,-0.736482518503114,3.84222222222222
44.05,-232.542776256085,500.84518745791,-0.736482518503114,3.93222222222222
44.1,-232.382031440649,500.723068526851,-0.736482518503115,4.02222222222222
44.15,-232.217365138779,500.598575239218,-0.736482518503115,4.11222222222222
44.2,-232.048777350474,500.47170759501,-0.736482518503116,4.20222222222222
44.25,-231.876268075734,500.342465594228,-0.736482518503117,4.29222222222222
44.3,-231.69983731456,500.210849236872,-0.736482518503115,4.38222222222222
44.35,-231.519485066951,500.076858522941,-0.736482518503104,4.47222222222222
44.4,-231.335211332908,499.940493452435,-0.736482518503094,4.56222222222222
44.45,-231.147016112429,499.801754025355,-0.736482518503083,4.65222222222222
44.5,-230.954899405516,499.660640241701,-0.736482518503072,4.74222222222222
44.55,-230.758861212169,499.517152101472,-0.736482518503087,4.83222222222222
44.6,-230.558901532386,499.371289604668,-0.736482518503103,4.92222222222222
44.65,-230.355020366169,499.223052751291,-0.736482518503119,5.01222222222222
44.7,-230.147217713518,499.072441541338,-0.736482518503136,5.10222222222222
44.75,-229.935493574432,498.919455974812,-0.736482518503116,5.19222222222222
44.8,-229.719847948911,498.76409605171,-0.736482518503094,5.28222222222222
44.85,-229.500280836955,498.606361772035,-0.736482518503071,5.37222222222222
44.9,-229.276792238565,498.446253135784,-0.736482518503054,5.46222222222222
44.95,-229.04938215374,498.28377014296,-0.736482518503066,5.55222222222222
45,-228.81805058248,498.118912793561,-0.736482518503078,5.64222222222222
45.05,-228.582797524786,497.951681087587,-0.73648251850309,5.73222222222222
45.1,-228.343622980657,497.782075025039,-0.736482518503095,5.82222222222222
45.15,-228.100526950093,497.610094605917,-0.736482518503095,5.91222222222222
45.2,-227.853509433095,497.43573983022,-0.736482518503095,6.00222222222222
45.25,-227.602654390436,497.258918093476,-0.736482518503097,6.09222222222222
45.3,-227.348465586765,497.079073768849,-0.736482518503104,6.18222222222222
45.35,-227.09094302208,496.89620685634,-0.736482518503111,6.27222222222222
45.4,-226.830086696383,496.710317355949,-0.736482518503118,6.36222222222222
45.45,-226.565896609672,496.521405267674,-0.736482518503124,6.45222222222222
45.5,-226.298372761948,496.329470591517,-0.736482518503131,6.54222222222222
45.55,-226.027515153211,496.134513327478,-0.736482518503136,6.63222222222222
45.6,-225.753323783461,495.936533475556,-0.736482518503108,6.72222222222222
45.65,-225.475798652698,495.735531035752,-0.736482518503079,6.81222222222222
45.7,-225.194939760922,495.531506008065,-0.736482518503055,6.90222222222221
45.75,-224.910747108133,495.324458392495,-0.736482518503085,6.99222222222221
45.8,-224.623220694331,495.114388189043,-0.736482518503114,7.08222222222221
45.85,-224.332360519516,494.901295397708,-0.736482518503133,7.17222222222221
45.9,-224.038166583688,494.685180018491,-0.736482518503118,7.26222222222221
45.95,-223.740638886846,494.466042051391,-0.736482518503102,7.35222222222221
46,-223.439777428992,494.243881496409,-0.736482518503091,7.44222222222221
46.05,-223.135582210125,494.018698353544,-0.736482518503084,7.53222222222221
46.1,-222.828053230244,493.790492622796,-0.736482518503076,7.62222222222221
46.15,-222.517190489351,493.559264304166,-0.736482518503074,7.71222222222221
46.2,-222.202993987444,493.325013397653,-0.736482518503073,7.80222222222221
46.25,-221.885463724524,493.087739903258,-0.736482518503077,7.89222222222221
46.3,-221.564599700592,492.847443820981,-0.736482518503096,7.98222222222221
46.35,-221.240401915646,492.60412515082,-0.736482518503114,8.07222222222221
46.4,-220.912870369687,492.357783892777,-0.736482518503124,8.16222222222221
46.45,-220.582005062715,492.108420046852,-0.736482518503132,8.25222222222221
46.5,-220.24780599473,491.856033613044,-0.736482518503123,8.34222222222221
46.55,-219.910273165732,491.600624591353,-0.736482518503087,8.43222222222221
46.6,-219.569406575721,491.34219298178,-0.736482518503053,8.52222222222221
46.65,-219.225206224697,491.080738784324,-0.73648251850309,8.61222222222221
46.7,-218.87767211266,490.816261998986,-0.736482518503126,8.70222222222221
46.75,-218.526804239609,490.548762625765,-0.736482518503137,8.79222222222221
46.8,-218.172602605546,490.278240664662,-0.736482518503137,8.88222222222221
46.85,-217.81506721047,490.004696115676,-0.736482518503133,8.97222222222221
46.9,-217.45419805438,489.728128978808,-0.736482518503124,9.06222222222221
46.95,-217.089995137278,489.448539254056,-0.736482518503107,9.15222222222221
47,-216.722458459162,489.165926941423,-0.736482518503066,9.24222222222221
47.05,-216.351588020033,488.880292040907,-0.736482518503034,9.33222222222221
47.1,-215.977383819892,488.591634552508,-0.736482518503075,9.42222222222221
47.15,-215.599845858737,488.299954476227,-0.736482518503117,9.51222222222221
47.2,-215.218974136569,488.005251812063,-0.736482518503127,9.60222222222221
47.25,-214.834768653388,487.707526560016,-0.736482518503136,9.69222222222221
47.3,-214.447229409194,487.406778720088,-0.736482518503099,9.78222222222221
47.35,-214.056356403987,487.103008292276,-0.736482518503057,9.87222222222221
47.4,-213.662149637767,486.796215276582,-0.736482518503071,9.96222222222221
47.45,-213.264609110534,486.486399673005,-0.736482518503092,10.0522222222222
47.5,-212.863734822288,486.173561481546,-0.736482518503114,10.1422222222222
47.55,-212.459526773029,485.857700702204,-0.736482518503135,10.2322222222222
47.6,-212.052319387639,485.53844848131,-0.736482518503128,10.3222222222222
47.65,-211.642365966657,485.215525441224,-0.736482518503118,10.4122222222222
47.7,-211.229666510084,484.888931581948,-0.736482518503093,10.5022222222222
47.75,-210.815579216851,484.559898328175,-0.736482518503072,10.5555555555556
47.8,-210.40207964904,484.230216843093,-0.736482518503074,10.5555555555556
47.85,-209.98916780665,483.899887126703,-0.73648251850308,10.5555555555556
47.9,-209.576843689681,483.568909179005,-0.736482518503102,10.5555555555556
47.95,-209.165107298134,483.237282999999,-0.73648251850311,10.5555555555556
48,-208.753958632009,482.905008589685,-0.736482518503086,10.5555555555556
48.05,-208.343397691306,482.572085948063,-0.736482518503081,10.5555555555556
48.1,-207.933424476024,482.238515075133,-0.736482518503103,10.5555555555556
48.15,-207.524038986164,481.904295970894,-0.736482518503115,10.5555555555556
48.2,-207.115241221725,481.569428635348,-0.736482518503117,10.5555555555556
48.25,-206.707031182708,481.233913068493,-0.736482518503118,10.5555555555556
48.3,-206.299408869112,480.897749270331,-0.736482518503118,10.5555555555556
48.35,-205.892374280938,480.56093724086,-0.7364825185031,10.5555555555556
48.4,-205.485927418186,480.223476980081,-0.736482518503076,10.5555555555556
48.45,-205.080068280855,479.885368487994,-0.7364825185031,10.5555555555556
48.5,-204.674796868946,479.546611764599,-0.736482518503135,10.5555555555556
48.55,-204.270113182459,479.207206809896,-0.736482518503116,10.5555555555556
48.6,-203.866017221393,478.867153623885,-0.736482518503094,10.5555555555556
48.65,-203.462508985749,478.526452206565,-0.736482518503084,10.5555555555556
48.7,-203.059588475526,478.185102557938,-0.736482518503079,10.5555555555556
48.75,-202.657255690725,477.843104678002,-0.736482518503099,10.5555555555556
48.8,-202.255510631346,477.500458566759,-0.736482518503109,10.5555555555556
48.85,-201.854353297388,477.157164224207,-0.736482518503088,10.5555555555556
48.9,-201.453783688852,476.813221650347,-0.736482518503091,10.5555555555556
48.95,-201.053801805737,476.468630845179,-0.736482518503133,10.5555555555556
49,-200.654407648044,476.123391808703,-0.736482518503126,10.5555555555556
49.05,-200.255601215773,475.777504540919,-0.736482518503061,10.5555555555556
49.1,-199.857382508923,475.430969041827,-0.736482518503059,10.5555555555556
49.15,-199.459751527495,475.083785311426,-0.736482518503103,10.5555555555556
49.2,-199.062708271489,474.735953349718,-0.736482518503116,10.5555555555556
49.25,-198.666252740904,474.387473156702,-0.736482518503114,10.5555555555556
49.3,-198.27038493574,474.038344732377,-0.736482518503098,10.5555555555556
49.35,-197.874064421701,473.689715622964,-0.736482518503078,10.5555555555556
49.4,-197.483067759675,473.335214575009,-0.736482518503113,10.5555555555556
49.45,-197.09207109765,472.980713527055,-0.736482518503156,10.5555555555556
49.5,-196.701074435624,472.6262124791,-0.736482518503114,10.5555555555556
49.55,-196.310077773599,472.271711431146,-0.736482518503078,10.5555555555556
49.6,-195.919081111573,471.917210383191,-0.736482518503098,10.5555555555556
49.65,-195.528084449548,471.562709335236,-0.736482518503114,10.5555555555556
49.7,-195.137087787522,471.208208287282,-0.736482518503116,10.5555555555556
49.75,-194.746091125497,470.853707239327,-0.73648251850311,10.5555555555556
49.8,-194.355094463471,470.499206191372,-0.736482518503086,10.5555555555556
49.85,-193.964097801445,470.144705143418,-0.736482518503082,10.5555555555556
49.9,-193.57310113942,469.790204095463,-0.736482518503106,10.5555555555556
49.95,-193.182104477394,469.435703047509,-0.7364825185031,10.5555555555556
50,-192.791107815369,469.081201999554,-0.736482518503065,10.5555555555556
50.05,-192.400111153343,468.726700951599,-0.73648251850308,10.5555555555556
50.1,-192.009114491318,468.372199903645,-0.736482518503125,10.5555555555556
50.15,-191.618117829292,468.01769885569,-0.736482518503113,10.5555555555556
50.2,-191.227121167267,467.663197807736,-0.736482518503081,10.5555555555556
50.25,-190.836124505241,467.308696759781,-0.736482518503092,10.5555555555556
50.3,-190.445127843215,466.954195711826,-0.736482518503113,10.5555555555556
50.35,-190.05413118119,466.599694663872,-0.736482518503125,10.5555555555556
50.4,-189.663134519164,466.245193615917,-0.736482518503135,10.5555555555556
50.45,-189.272137857139,465.890692567962,-0.73648251850309,10.5555555555556
50.5,-188.881141195113,465.536191520008,-0.736482518503059,10.5555555555556
50.55,-188.490144533088,465.181690472053,-0.736482518503104,10.5555555555556
50.6,-188.099147871062,464.827189424099,-0.736482518503128,10.5555555555556
50.65,-187.708151209037,464.472688376144,-0.736482518503096,10.5555555555556
50.7,-187.317154547011,464.118187328189,-0.736482518503079,10.5555555555556
50.75,-186.926157884986,463.763686280235,-0.736482518503089,10.5555555555556
50.8,-186.53516122296,463.40918523228,-0.736482518503095,10.5555555555556
50.85,-186.144164560935,463.054684184325,-0.736482518503095,10.5555555555556
50.9,-185.753167898909,462.700183136371,-0.736482518503107,10.5555555555556
50.95,-185.362171236883,462.345682088416,-0.73648251850313,10.5555555555556
51,-184.971174574858,461.991181040462,-0.736482518503122,10.5555555555556
51.05,-184.580177912832,461.636679992507,-0.736482518503099,10.5555555555556
51.1,-184.189181250807,461.282178944552,-0.736482518503087,10.5555555555556
51.15,-183.798184588781,460.927677896598,-0.736482518503077,10.5555555555556
51.2,-183.407187926756,460.573176848643,-0.736482518503093,10.5555555555556
51.25,-183.01619126473,460.218675800688,-0.736482518503114,10.5555555555556
51.3,-182.625194602705,459.864174752734,-0.736482518503116,10.5555555555556
51.35,-182.234197940679,459.509673704779,-0.736482518503114,10.5555555555556
51.4,-181.843201278654,459.155172656825,-0.73648251850308,10.5555555555556
51.45,-181.452204616628,458.80067160887,-0.736482518503062,10.5555555555556
51.5,-181.061207954602,458.446170560915,-0.736482518503106,10.5555555555556
51.55,-180.670211292577,458.091669512961,-0.73648251850313,10.5555555555556
51.6,-180.279214630551,457.737168465006,-0.736482518503108,10.5555555555556
51.65,-179.888217968526,457.382667417051,-0.736482518503104,10.5555555555556
51.7,-179.4972213065,457.028166369097,-0.736482518503126,10.5555555555556
51.75,-179.106224644475,456.673665321142,-0.736482518503114,10.5555555555556
51.8,-178.715227982449,456.319164273188,-0.736482518503069,10.5555555555556
51.85,-178.324231320424,455.964663225233,-0.73648251850308,10.5555555555556
51.9,-177.933234658398,455.610162177278,-0.736482518503125,10.5555555555556
51.95,-177.542237996373,455.255661129324,-0.736482518503121,10.5555555555556
52,-177.151241334347,454.901160081369,-0.736482518503098,10.5555555555556
52.05,-176.760244672321,454.546659033414,-0.736482518503105,10.5555555555556
52.1,-176.369248010296,454.19215798546,-0.736482518503117,10.5555555555556
52.15,-175.97825134827,453.837656937505,-0.736482518503095,10.5555555555556
52.2,-175.587254686245,453.483155889551,-0.736482518503072,10.5555555555556
52.25,-175.196258024219,453.128654841596,-0.736482518503074,10.5555555555556
52.3,-174.805264242802,452.774156405368,-0.736480296606593,10.5555555555556
52.35,-174.414286532294,452.419672539668,-0.736465678866578,10.5555555555556
52.4,-174.023306410104,452.065191563048,-0.736450973246442,10.5555555555556
52.45,-173.632319324754,451.710718927921,-0.736436013910213,10.5555555555556
52.5,-173.241321565833,451.356243936035,-0.736426477727033,10.5555555555556
52.55,-172.850305037908,451.001764800393,-0.736426477727033,10.5555555555556
52.6,-172.459288509983,450.647285664752,-0.736426477727033,10.5555555555556
52.65,-172.068271982057,450.29280652911,-0.736426477727033,10.5555555555556
52.7,-171.677255454132,449.938327393468,-0.736426477727033,10.5555555555556
52.75,-171.286238926206,449.583848257827,-0.736426477727033,10.5555555555556
52.8,-170.895222398281,449.229369122185,-0.736426477727018,10.5555555555556
52.85,-170.504205870356,448.874889986544,-0.736426477726996,10.5555555555556
52.9,-170.11318934243,448.520410850902,-0.736426477726991,10.5555555555556
52.95,-169.722172814505,448.165931715261,-0.736426477726991,10.5555555555556
53,-169.331156286579,447.811452579619,-0.73642647772702,10.5555555555556
53.05,-168.940139758654,447.456973443977,-0.736426477727052,10.5555555555556
53.1,-168.549123230729,447.102494308336,-0.736426477726998,10.5555555555556
53.15,-168.158106702803,446.748015172694,-0.736426477726955,10.5555555555556
53.2,-167.767090174878,446.393536037053,-0.736426477727011,10.5555555555556
53.25,-167.376073646952,446.039056901411,-0.736426477727056,10.5555555555556
53.3,-166.985057119027,445.684577765769,-0.736426477727054,10.5555555555556
53.35,-166.594040591101,445.330098630128,-0.736426477727042,10.5555555555556
53.4,-166.203024063176,444.975619494486,-0.73642647772701,10.5555555555556
53.45,-165.812007535251,444.621140358845,-0.736426477727,10.5555555555556
53.5,-165.420991007325,444.266661223203,-0.736426477727023,10.5555555555556
53.55,-165.0299744794,443.912182087562,-0.73642647772701,10.5555555555556
53.6,-164.638957951475,443.55770295192,-0.736426477726966,10.5555555555556
53.65,-164.247941423549,443.203223816278,-0.736426477726977,10.5555555555556
53.7,-163.856924895624,442.848744680637,-0.736426477727021,10.5555555555556
53.75,-163.465908367698,442.494265544995,-0.736426477727033,10.5555555555556
53.8,-163.074891839773,442.139786409354,-0.736426477727033,10.5555555555556
53.85,-162.683875311847,441.785307273712,-0.736426477727015,10.5555555555556
53.9,-162.292858783922,441.430828138071,-0.736426477726993,10.5555555555556
53.95,-161.901842255997,441.076349002429,-0.736426477727001,10.5555555555556
54,-161.510825728071,440.721869866787,-0.73642647772701,10.5555555555556
54.05,-161.119809200146,440.367390731146,-0.736426477727012,10.5555555555556
54.1,-160.72879267222,440.012911595504,-0.736426477727016,10.5555555555556
54.15,-160.337776144295,439.658432459863,-0.736426477727026,10.5555555555556
54.2,-159.946759616369,439.303953324221,-0.736426477727033,10.5555555555556
54.25,-159.555743088444,438.949474188579,-0.736426477727033,10.5555555555556
54.3,-159.164726560519,438.594995052938,-0.736426477727025,10.5555555555556
54.35,-158.773710032593,438.240515917296,-0.736426477727003,10.5555555555556
54.4,-158.382693504668,437.886036781655,-0.736426477726991,10.5555555555556
54.45,-157.991676976742,437.531557646013,-0.736426477726991,10.5555555555556
54.5,-157.600660448817,437.177078510372,-0.736426477727004,10.5555555555556
54.55,-157.209643920892,436.82259937473,-0.736426477727026,10.5555555555556
54.6,-156.818627392966,436.468120239088,-0.736426477727033,10.5555555555556
54.65,-156.427610865041,436.113641103447,-0.736426477727033,10.5555555555556
54.7,-156.036594337115,435.759161967805,-0.736426477727016,10.5555555555556
54.75,-155.64557780919,435.404682832164,-0.736426477726994,10.5555555555556
54.8,-155.254561281265,435.050203696522,-0.736426477727,10.5555555555556
54.85,-154.863544753339,434.695724560881,-0.73642647772701,10.5555555555556
54.9,-154.472528225414,434.341245425239,-0.736426477727022,10.5555555555556
54.95,-154.081511697488,433.986766289597,-0.736426477727033,10.5555555555556
55,-153.690495169563,433.632287153956,-0.736426477727033,10.5555555555556
55.05,-153.299478641638,433.277808018314,-0.736426477727029,10.5555555555556
55.1,-152.908462113712,432.923328882673,-0.736426477727007,10.5555555555556
55.15,-152.517445585787,432.568849747031,-0.736426477726998,10.5555555555556
55.2,-152.126429057861,432.214370611389,-0.73642647772702,10.5555555555556
55.25,-151.735412529936,431.859891475748,-0.736426477727033,10.5555555555556
55.3,-151.34439600201,431.505412340106,-0.736426477727033,10.5555555555556
55.35,-150.953379474085,431.150933204465,-0.736426477727022,10.5555555555556
55.4,-150.56236294616,430.796454068823,-0.736426477727,10.5555555555556
55.45,-150.171346418234,430.441974933182,-0.736426477727011,10.5555555555556
55.5,-149.780329890309,430.08749579754,-0.736426477727044,10.5555555555556
55.55,-149.389313362383,429.733016661898,-0.736426477727005,10.5555555555556
55.6,-148.998296834458,429.378537526257,-0.736426477726941,10.5555555555556
55.65,-148.607280306533,429.024058390615,-0.736426477726976,10.5555555555556
55.7,-148.216263778607,428.669579254974,-0.73642647772703,10.5555555555556
55.75,-147.825247250682,428.315100119332,-0.736426477727033,10.5555555555556
55.8,-147.439178340231,427.965089146184,-0.732616996601421,10.5555555555556
55.85,-147.157973454249,427.701585878873,-0.6511078283517,10.5555555555556
55.9,-146.865874779371,427.431942862267,-0.576866641535959,10.5555555555556
55.95,-146.477111673994,427.174581064735,-0.543173140618945,10.5555555555556
56,-146.071075363545,426.915083345553,-0.518147736147957,10.5555555555556
56.05,-145.612574729434,426.65368986584,-0.518147736147968,10.5555555555556
56.1,-145.154074095324,426.392296386128,-0.518147736147956,10.5555555555556
56.15,-144.695573461214,426.130902906415,-0.518147736147904,10.5555555555556
56.2,-144.237072827103,425.869509426702,-0.518147736147904,10.5555555555556
56.25,-143.778572192993,425.608115946989,-0.518147736147964,10.5555555555556
56.3,-143.320071558882,425.346722467276,-0.518147736147974,10.5555555555556
56.35,-142.861570924772,425.085328987563,-0.518147736147948,10.5555555555556
56.4,-142.403070290662,424.82393550785,-0.51814773614793,10.5555555555556
56.45,-141.944569656551,424.562542028137,-0.518147736147915,10.5555555555556
56.5,-141.486069022441,424.301148548425,-0.518147736147924,10.5555555555556
56.55,-141.02756838833,424.039755068712,-0.518147736147938,10.5555555555556
56.6,-140.56906775422,423.778361588999,-0.518147736147963,10.5555555555556
56.65,-140.110567120109,423.516968109286,-0.518147736147989,10.5555555555556
56.7,-139.652066485999,423.255574629573,-0.51814773614793,10.5555555555556
56.75,-139.193565851889,422.99418114986,-0.518147736147882,10.5555555555556
56.8,-138.735065217778,422.732787670147,-0.518147736147942,10.5555555555556
56.85,-138.276564583668,422.471394190434,-0.518147736147984,10.5555555555556
56.9,-137.818063949557,422.210000710721,-0.518147736147958,10.5555555555556
56.95,-137.359563315447,421.948607231009,-0.518147736147938,10.5555555555556
57,-136.901062681337,421.687213751296,-0.51814773614793,10.5555555555556
57.05,-136.442562047226,421.425820271583,-0.518147736147937,10.5555555555556
57.1,-135.984061413116,421.16442679187,-0.518147736147963,10.5555555555556
57.15,-135.525560779005,420.903033312157,-0.518147736147966,10.5555555555556
57.2,-135.067060144895,420.641639832444,-0.518147736147947,10.5555555555556
57.25,-134.608559510785,420.380246352731,-0.518147736147924,10.5555555555556
57.3,-134.150058876674,420.118852873019,-0.518147736147898,10.5555555555556
57.35,-133.691558242564,419.857459393306,-0.518147736147923,10.5555555555556
57.4,-133.233057608453,419.596065913593,-0.518147736147968,10.5555555555556
57.45,-132.774556974343,419.33467243388,-0.518147736147975,10.5555555555556
57.5,-132.316056340233,419.073278954167,-0.518147736147975,10.5555555555556
57.55,-131.857555706122,418.811885474454,-0.518147736147933,10.5555555555556
57.6,-131.399055072012,418.550491994741,-0.518147736147892,10.5555555555556
57.65,-130.940554437902,418.289098515028,-0.518147736147918,10.5555555555556
57.7,-130.482053803791,418.027705035316,-0.518147736147943,10.5555555555556
57.75,-130.023553169681,417.766311555603,-0.518147736147961,10.5555555555556
57.8,-129.56505253557,417.50491807589,-0.518147736147969,10.5555555555556
57.85,-129.10655190146,417.243524596177,-0.518147736147943,10.5555555555556
57.9,-128.64805126735,416.982131116464,-0.518147736147929,10.5555555555556
57.95,-128.189550633239,416.720737636751,-0.518147736147936,10.5555555555556
58,-127.731049999129,416.459344157038,-0.51814773614794,10.5555555555556
58.05,-127.272549365018,416.197950677325,-0.51814773614794,10.5555555555556
58.1,-126.814048730908,415.936557197613,-0.518147736147936,10.5555555555556
58.15,-126.355548096798,415.6751637179,-0.518147736147928,10.5555555555556
58.2,-125.897047462687,415.413770238187,-0.518147736147946,10.5555555555556
58.25,-125.438546828577,415.152376758474,-0.518147736147976,10.5555555555556
58.3,-124.980046194466,414.890983278761,-0.518147736147982,10.5555555555556
58.35,-124.521545560356,414.629589799048,-0.518147736147982,10.5555555555556
58.4,-124.063044926246,414.368196319335,-0.518147736147939,10.5555555555556
58.45,-123.604544292135,414.106802839622,-0.518147736147891,10.5555555555556
58.5,-123.146043658025,413.84540935991,-0.518147736147939,10.5555555555556
58.55,-122.687543023914,413.584015880197,-0.518147736147977,10.5555555555556
58.6,-122.229042389804,413.322622400484,-0.518147736147925,10.5555555555556
58.65,-121.770541755694,413.061228920771,-0.518147736147894,10.5555555555556
58.7,-121.312041121583,412.799835441058,-0.518147736147946,10.5555555555556
58.75,-120.853540487473,412.538441961345,-0.518147736147966,10.5555555555556
58.8,-120.395039853362,412.277048481632,-0.518147736147914,10.5555555555556
58.85,-119.936539219252,412.015655001919,-0.518147736147905,10.5555555555556
58.9,-119.478038585142,411.754261522207,-0.518147736147957,10.5555555555556
58.95,-119.019537951031,411.492868042494,-0.518147736147982,10.5555555555556
59,-118.561037316921,411.231474562781,-0.518147736147982,10.5555555555556
59.05,-118.10253668281,410.970081083068,-0.518147736147952,10.5555555555556
59.1,-117.6440360487,410.708687603355,-0.518147736147904,10.5555555555556
59.15,-117.18553541459,410.447294123642,-0.518147736147907,10.5555555555556
59.2,-116.727034780479,410.185900643929,-0.518147736147929,10.5555555555556
59.25,-116.268534146369,409.924507164216,-0.518147736147933,10.5555555555556
59.3,-115.810033512258,409.663113684504,-0.518147736147933,10.5555555555556
59.35,-115.351532878148,409.401720204791,-0.518147736147954,10.5555555555556
59.4,-114.893032244038,409.140326725078,-0.518147736147973,10.5555555555556
59.45,-114.434531609927,408.878933245365,-0.518147736147925,10.5555555555556
59.5,-113.976030975817,408.617539765652,-0.518147736147892,10.5555555555556
59.55,-113.517530341706,408.356146285939,-0.518147736147944,10.5555555555556
59.6,-113.059029707596,408.094752806226,-0.518147736147982,10.5555555555556
59.65,-112.600529073486,407.833359326513,-0.518147736147982,10.5555555555556
59.7,-112.142028439375,407.5719658468,-0.518147736147973,10.5555555555556
59.75,-111.683527805265,407.310572367088,-0.518147736147947,10.5555555555556
59.8,-111.225027171154,407.049178887375,-0.518147736147935,10.5555555555556
59.85,-110.766526537044,406.787785407662,-0.518147736147938,10.5555555555556
59.9,-110.308025902934,406.526391927949,-0.518147736147936,10.5555555555556
59.95,-109.849525268823,406.264998448236,-0.518147736147928,10.5555555555556
60,-109.391024634713,406.003604968523,-0.518147736147931,10.5555555555556
60.05,-108.932524000602,405.74221148881,-0.518147736147938,10.5555555555556
60.1,-108.474023366492,405.480818009098,-0.518147736147955,10.5555555555556
60.15,-108.015522732382,405.219424529385,-0.518147736147973,10.5555555555556
60.2,-107.557022098271,404.958031049672,-0.518147736147936,10.5555555555556
60.25,-107.098521464161,404.696637569959,-0.518147736147891,10.5555555555556
60.3,-106.64002083005,404.435244090246,-0.518147736147935,10.5555555555556
60.35,-106.18152019594,404.173850610533,-0.518147736147973,10.5555555555556
60.4,-105.72301956183,403.91245713082,-0.518147736147955,10.5555555555556
60.45,-105.264518927719,403.651063651107,-0.518147736147939,10.5555555555556
60.5,-104.806018293609,403.389670171395,-0.518147736147936,10.5555555555556
60.55,-104.347517659498,403.128276691682,-0.518147736147941,10.5555555555556
60.6,-103.889017025388,402.866883211969,-0.518147736147967,10.5555555555556
60.65,-103.430516391278,402.605489732256,-0.518147736147961,10.5555555555556
60.7,-102.972015757167,402.344096252543,-0.518147736147909,10.5555555555556
60.75,-102.513515123057,402.08270277283,-0.518147736147911,10.5555555555556
60.8,-102.055014488946,401.821309293117,-0.518147736147963,10.5555555555556
60.85,-101.596513854836,401.559915813404,-0.518147736147947,10.5555555555556
60.9,-101.138013220726,401.298522333692,-0.518147736147891,10.5555555555556
60.95,-100.679512586615,401.037128853979,-0.51814773614792,10.5555555555556
61,-100.221011952505,400.775735374266,-0.51814773614798,10.5555555555556
61.05,-99.7625113183944,400.514341894553,-0.518147736147986,10.5555555555556
61.1,-99.304010684284,400.25294841484,-0.518147736147983,10.5555555555556
61.15,-98.8455100501737,399.991554935127,-0.518147736147933,10.5555555555556
61.2,-98.3870094160633,399.730161455414,-0.518147736147886,10.5555555555556
61.25,-97.9285087819528,399.468767975701,-0.518147736147938,10.5555555555556
61.3,-97.4700081478424,399.207374495989,-0.518147736147974,10.5555555555556
61.35,-97.0115075137321,398.945981016276,-0.518147736147922,10.5555555555556
61.4,-96.5530068796217,398.684587536563,-0.518147736147898,10.5555555555556
61.45,-96.0945062455112,398.42319405685,-0.518147736147954,10.5555555555556
61.5,-95.6360056114008,398.161800577137,-0.518147736147977,10.5555555555556
61.55,-95.1775049772905,397.900407097424,-0.518147736147944,10.5555555555556
61.6,-94.7190043431801,397.639013617711,-0.518147736147928,10.5555555555556
61.65,-94.2605037090697,397.377620137998,-0.518147736147931,10.5555555555556
61.7,-93.8020030749593,397.116226658286,-0.518147736147933,10.5555555555556
61.75,-93.3435024408489,396.854833178573,-0.518147736147933,10.5555555555556
61.8,-92.8850018067384,396.59343969886,-0.518147736147951,10.5555555555556
61.85,-92.426501172628,396.332046219147,-0.518147736147977,10.5555555555556
61.9,-91.9680005385176,396.070652739434,-0.518147736147962,10.5555555555556
61.95,-91.5094999044073,395.809259259721,-0.518147736147936,10.5555555555556
